UHGV_ID	vOTU_ID	size_bp
UHGV-1414336	vOTU_2390	15718
UHGV-1915498	vOTU_2391	5337
UHGV-1919420	vOTU_2392	45205
UHGV-0381345	vOTU_2393	19007
UHGV-0386601	vOTU_2394	35396
UHGV-1928546	vOTU_2395	13551
UHGV-1951392	vOTU_2396	26882
UHGV-2123952	vOTU_2397	35780
UHGV-1928306	vOTU_2398	15364
UHGV-0374815	vOTU_2399	35258
UHGV-2142204	vOTU_2400	17827
UHGV-1719389	vOTU_2401	13913
UHGV-2126688	vOTU_2402	77220
UHGV-1671130	vOTU_2403	11022
UHGV-2050398	vOTU_2404	11090
UHGV-1531143	vOTU_2405	34232
UHGV-2178984	vOTU_2406	13468
UHGV-0214503	vOTU_2407	20689
UHGV-0126939	vOTU_2408	10743
UHGV-2218637	vOTU_2409	21431
UHGV-1883265	vOTU_2410	131756
UHGV-0282283	vOTU_2411	13838
UHGV-0239053	vOTU_2412	12199
UHGV-1820370	vOTU_2413	20999
UHGV-0382536	vOTU_2414	17047
UHGV-1565916	vOTU_2415	81141
UHGV-0126269	vOTU_2416	10361
UHGV-1849325	vOTU_2417	15240
UHGV-1411613	vOTU_2418	16346
UHGV-0245466	vOTU_2419	39395
UHGV-0152472	vOTU_2420	12288
UHGV-1934028	vOTU_2421	20085
UHGV-0014153	vOTU_2422	29630
UHGV-1499426	vOTU_2423	12754
UHGV-1579267	vOTU_2424	11808
UHGV-0210497	vOTU_2425	183053
UHGV-0198230	vOTU_2426	18772
UHGV-1443241	vOTU_2427	9407
UHGV-0236532	vOTU_2428	60960
UHGV-0065919	vOTU_2429	17780
UHGV-1590647	vOTU_2430	39202
UHGV-1373271	vOTU_2431	38030
UHGV-1438522	vOTU_2432	17739
UHGV-1383258	vOTU_2433	62171
UHGV-0391270	vOTU_2434	42374
UHGV-2058745	vOTU_2435	28068
UHGV-0046498	vOTU_2436	38137
UHGV-1667721	vOTU_2437	11223
UHGV-0129924	vOTU_2438	10876
UHGV-0180348	vOTU_2439	14174
UHGV-0151730	vOTU_2440	39455
UHGV-2098790	vOTU_2441	57363
UHGV-0197141	vOTU_2442	35040
UHGV-0199796	vOTU_2443	67414
UHGV-2054128	vOTU_2444	45747
UHGV-0285929	vOTU_2445	21823
UHGV-0274709	vOTU_2446	10572
UHGV-0131694	vOTU_2447	15278
UHGV-0117371	vOTU_2448	35126
UHGV-0095135	vOTU_2449	30901
UHGV-1348518	vOTU_2450	17778
UHGV-1623295	vOTU_2451	13393
UHGV-1835683	vOTU_2452	22411
UHGV-0308359	vOTU_2453	42554
UHGV-0102129	vOTU_2454	12838
UHGV-1351284	vOTU_2455	30054
UHGV-0106164	vOTU_2456	29305
UHGV-0119984	vOTU_2457	13217
UHGV-1502255	vOTU_2458	12081
UHGV-1484712	vOTU_2459	38146
UHGV-1823706	vOTU_2460	12195
UHGV-2139573	vOTU_2461	25978
UHGV-1512084	vOTU_2462	48533
UHGV-1826716	vOTU_2463	16042
UHGV-0124456	vOTU_2464	28886
UHGV-0385414	vOTU_2465	33415
UHGV-1413161	vOTU_2466	4897
UHGV-0132123	vOTU_2467	26123
UHGV-2178307	vOTU_2468	10053
UHGV-0058541	vOTU_2469	13003
UHGV-1373342	vOTU_2470	5116
UHGV-1882024	vOTU_2471	190037
UHGV-1486770	vOTU_2472	27569
UHGV-0325050	vOTU_2473	21643
UHGV-0169080	vOTU_2474	14249
UHGV-0086764	vOTU_2475	24382
UHGV-1677133	vOTU_2476	17683
UHGV-0149128	vOTU_2477	13825
UHGV-1934428	vOTU_2478	12084
UHGV-1469649	vOTU_2479	42982
UHGV-2129067	vOTU_2480	23626
UHGV-1616063	vOTU_2481	11537
UHGV-2167098	vOTU_2482	10702
UHGV-1340917	vOTU_2483	36127
UHGV-2131618	vOTU_2484	38869
UHGV-0206187	vOTU_2485	31564
UHGV-2107665	vOTU_2486	64994
UHGV-0272972	vOTU_2487	11791
UHGV-1773805	vOTU_2488	17401
UHGV-2212292	vOTU_2489	25895
UHGV-1471743	vOTU_2490	39709
UHGV-1526411	vOTU_2491	53998
UHGV-0080284	vOTU_2492	13148
UHGV-0241826	vOTU_2493	10413
UHGV-2092502	vOTU_2494	25370
UHGV-2157332	vOTU_2495	13964
UHGV-0158188	vOTU_2496	19219
UHGV-1556245	vOTU_2497	10091
UHGV-1566134	vOTU_2498	23625
UHGV-1406370	vOTU_2499	10619
UHGV-1977344	vOTU_2500	16055
UHGV-0354855	vOTU_2501	44493
UHGV-1944926	vOTU_2502	16987
UHGV-1993377	vOTU_2503	11631
UHGV-1499015	vOTU_2504	33267
UHGV-1671081	vOTU_2505	11107
UHGV-1954134	vOTU_2506	39989
UHGV-1693572	vOTU_2507	14627
UHGV-1372630	vOTU_2508	46168
UHGV-0158225	vOTU_2509	35532
UHGV-0195046	vOTU_2510	38124
UHGV-0225222	vOTU_2511	41955
UHGV-0294538	vOTU_2512	72874
UHGV-0198657	vOTU_2513	32726
UHGV-2070337	vOTU_2514	42579
UHGV-2145490	vOTU_2515	54981
UHGV-1350280	vOTU_2516	35989
UHGV-1645667	vOTU_2517	33839
UHGV-1908539	vOTU_2518	18526
UHGV-1440804	vOTU_2519	6449
UHGV-1650280	vOTU_2520	10228
UHGV-1831137	vOTU_2521	30804
UHGV-0186198	vOTU_2522	28058
UHGV-0168313	vOTU_2523	71255
UHGV-2196329	vOTU_2524	21028
UHGV-1893146	vOTU_2525	13201
UHGV-1375532	vOTU_2526	45367
UHGV-0138312	vOTU_2527	40317
UHGV-1452816	vOTU_2528	34539
UHGV-1380521	vOTU_2529	47986
UHGV-2210218	vOTU_2530	19487
UHGV-0139858	vOTU_2531	30836
UHGV-1688848	vOTU_2532	23127
UHGV-2085241	vOTU_2533	15287
UHGV-0062962	vOTU_2534	106795
UHGV-0090904	vOTU_2535	38926
UHGV-2132199	vOTU_2536	16242
UHGV-0392102	vOTU_2537	38013
UHGV-0213239	vOTU_2538	16906
UHGV-1323337	vOTU_2539	27516
UHGV-0160071	vOTU_2540	44983
UHGV-0108334	vOTU_2541	11384
UHGV-1738698	vOTU_2542	14138
UHGV-1527180	vOTU_2543	56313
UHGV-1491884	vOTU_2544	13581
UHGV-1667884	vOTU_2545	11155
UHGV-1805473	vOTU_2546	13749
UHGV-0284403	vOTU_2547	11079
UHGV-1504560	vOTU_2548	12977
UHGV-2217408	vOTU_2549	12212
UHGV-2049200	vOTU_2550	14702
UHGV-1781564	vOTU_2551	11159
UHGV-0219139	vOTU_2552	11784
UHGV-0183193	vOTU_2553	12717
UHGV-0318555	vOTU_2554	12276
UHGV-2212882	vOTU_2555	13885
UHGV-2175553	vOTU_2556	12144
UHGV-1667061	vOTU_2557	21887
UHGV-0831581	vOTU_2558	10196
UHGV-2069693	vOTU_2559	17820
UHGV-1925266	vOTU_2560	17145
UHGV-2157894	vOTU_2561	19248
UHGV-1570540	vOTU_2562	16383
UHGV-1662065	vOTU_2563	14032
UHGV-1633511	vOTU_2564	22401
UHGV-0840925	vOTU_2565	17739
UHGV-1896480	vOTU_2566	33946
UHGV-2112977	vOTU_2567	49530
UHGV-2000182	vOTU_2568	15820
UHGV-2120404	vOTU_2569	31510
UHGV-1806202	vOTU_2570	13707
UHGV-0326771	vOTU_2571	14086
UHGV-1934707	vOTU_2572	30002
UHGV-1644492	vOTU_2573	50593
UHGV-0159249	vOTU_2574	11897
UHGV-1317901	vOTU_2575	19545
UHGV-0387661	vOTU_2576	21608
UHGV-0078424	vOTU_2577	22547
UHGV-1353034	vOTU_2578	15816
UHGV-1404050	vOTU_2579	11572
UHGV-1551758	vOTU_2580	11339
UHGV-1654258	vOTU_2581	11052
UHGV-0102893	vOTU_2582	38646
UHGV-0207028	vOTU_2583	34923
UHGV-0207065	vOTU_2584	46033
UHGV-2132013	vOTU_2585	38128
UHGV-2083222	vOTU_2586	12446
UHGV-0279119	vOTU_2587	19542
UHGV-0177275	vOTU_2588	10277
UHGV-0187571	vOTU_2589	12010
UHGV-1345129	vOTU_2590	27782
UHGV-1828558	vOTU_2591	16082
UHGV-1389819	vOTU_2592	31381
UHGV-0073861	vOTU_2593	10101
UHGV-1958691	vOTU_2594	21718
UHGV-0386033	vOTU_2595	15761
UHGV-1366306	vOTU_2596	57257
UHGV-0283956	vOTU_2597	42820
UHGV-0107466	vOTU_2598	56321
UHGV-0160695	vOTU_2599	13769
UHGV-1587375	vOTU_2600	38934
UHGV-2178438	vOTU_2601	11823
UHGV-0351193	vOTU_2602	17925
UHGV-1558602	vOTU_2603	30860
UHGV-1508364	vOTU_2604	32229
UHGV-1422890	vOTU_2605	9199
UHGV-0035478	vOTU_2606	43203
UHGV-0140648	vOTU_2607	61567
UHGV-2123897	vOTU_2608	35495
UHGV-0067332	vOTU_2609	10429
UHGV-0040213	vOTU_2610	54463
UHGV-1641222	vOTU_2611	14535
UHGV-2012042	vOTU_2612	13763
UHGV-1933322	vOTU_2613	10303
UHGV-0065807	vOTU_2614	39176
UHGV-2064836	vOTU_2615	12758
UHGV-1986412	vOTU_2616	21542
UHGV-0329596	vOTU_2617	15550
UHGV-2073828	vOTU_2618	11075
UHGV-1622828	vOTU_2619	11453
UHGV-0332670	vOTU_2620	20207
UHGV-1714528	vOTU_2621	10396
UHGV-0274700	vOTU_2622	13794
UHGV-0108785	vOTU_2623	11524
UHGV-0220838	vOTU_2624	10088
UHGV-0124149	vOTU_2625	17273
UHGV-0107323	vOTU_2626	12323
UHGV-1588086	vOTU_2627	11893
UHGV-1621292	vOTU_2628	11630
UHGV-0287059	vOTU_2629	22217
UHGV-2029245	vOTU_2630	10337
UHGV-0384112	vOTU_2631	40340
UHGV-0118023	vOTU_2632	17435
UHGV-0159099	vOTU_2633	14139
UHGV-1451287	vOTU_2634	138822
UHGV-2149690	vOTU_2635	11039
UHGV-1049766	vOTU_2636	38637
UHGV-0039368	vOTU_2637	12197
UHGV-1362388	vOTU_2638	101751
UHGV-0003857	vOTU_2639	36814
UHGV-2103863	vOTU_2640	14297
UHGV-0868929	vOTU_2641	23799
UHGV-0343210	vOTU_2642	135840
UHGV-2219223	vOTU_2643	13404
UHGV-1969436	vOTU_2644	15026
UHGV-0077767	vOTU_2645	13526
UHGV-1606593	vOTU_2646	22181
UHGV-2014561	vOTU_2647	10120
UHGV-0153870	vOTU_2648	10112
UHGV-0042256	vOTU_2649	10433
UHGV-1427804	vOTU_2650	9215
UHGV-0198021	vOTU_2651	13089
UHGV-1758692	vOTU_2652	45743
UHGV-0404431	vOTU_2653	10124
UHGV-2030274	vOTU_2654	12387
UHGV-0441197	vOTU_2655	64349
UHGV-0089844	vOTU_2656	15871
UHGV-0097258	vOTU_2657	14719
UHGV-0221854	vOTU_2658	21888
UHGV-1723784	vOTU_2659	28262
UHGV-0088839	vOTU_2660	17114
UHGV-2021136	vOTU_2661	12226
UHGV-0328297	vOTU_2662	33071
UHGV-0157125	vOTU_2663	13517
UHGV-0146471	vOTU_2664	10560
UHGV-1678534	vOTU_2665	32049
UHGV-1697179	vOTU_2666	18922
UHGV-2118456	vOTU_2667	15436
UHGV-1496283	vOTU_2668	46786
UHGV-2017303	vOTU_2669	44043
UHGV-0296410	vOTU_2670	4620
UHGV-1338090	vOTU_2671	42325
UHGV-1802648	vOTU_2672	12756
UHGV-1487101	vOTU_2673	39084
UHGV-0146347	vOTU_2674	62759
UHGV-1612067	vOTU_2675	10364
UHGV-0448432	vOTU_2676	39368
UHGV-2215062	vOTU_2677	37443
UHGV-1845593	vOTU_2678	21080
UHGV-1861788	vOTU_2679	10899
UHGV-1951589	vOTU_2680	12289
UHGV-0390047	vOTU_2681	12190
UHGV-0259903	vOTU_2682	50099
UHGV-0089619	vOTU_2683	23981
UHGV-1657086	vOTU_2684	11255
UHGV-1777552	vOTU_2685	29968
UHGV-1871496	vOTU_2686	16858
UHGV-1537269	vOTU_2687	42118
UHGV-1846673	vOTU_2688	15586
UHGV-1448243	vOTU_2689	10506
UHGV-1337866	vOTU_2690	14153
UHGV-0186342	vOTU_2691	36181
UHGV-1931856	vOTU_2692	24804
UHGV-1491689	vOTU_2693	44580
UHGV-1738977	vOTU_2694	14833
UHGV-0207125	vOTU_2695	17347
UHGV-0126775	vOTU_2696	13857
UHGV-1986851	vOTU_2697	10894
UHGV-1885340	vOTU_2698	24673
UHGV-1482777	vOTU_2699	16594
UHGV-1454025	vOTU_2700	34398
UHGV-0115764	vOTU_2701	36609
UHGV-0101356	vOTU_2702	19067
UHGV-0034151	vOTU_2703	38994
UHGV-2140176	vOTU_2704	18833
UHGV-2233936	vOTU_2705	11745
UHGV-2170904	vOTU_2706	16975
UHGV-1387276	vOTU_2707	11669
UHGV-2123067	vOTU_2708	40937
UHGV-1347437	vOTU_2709	62442
UHGV-1943372	vOTU_2710	10639
UHGV-1378679	vOTU_2711	22091
UHGV-1984672	vOTU_2712	30301
UHGV-1363138	vOTU_2713	39506
UHGV-1429953	vOTU_2714	60914
UHGV-0200747	vOTU_2715	12465
UHGV-1358860	vOTU_2716	19599
UHGV-0105775	vOTU_2717	20863
UHGV-1806309	vOTU_2718	15023
UHGV-2133522	vOTU_2719	22963
UHGV-1864038	vOTU_2720	6753
UHGV-1493133	vOTU_2721	43672
UHGV-1810488	vOTU_2722	12374
UHGV-1489291	vOTU_2723	16546
UHGV-2240492	vOTU_2724	11182
UHGV-1937955	vOTU_2725	10719
UHGV-0310767	vOTU_2726	106221
UHGV-1897288	vOTU_2727	47869
UHGV-1477401	vOTU_2728	18615
UHGV-1945178	vOTU_2729	11187
UHGV-1450009	vOTU_2730	37086
UHGV-0022651	vOTU_2731	110124
UHGV-1526653	vOTU_2732	46160
UHGV-2009123	vOTU_2733	10986
UHGV-1695852	vOTU_2734	14318
UHGV-1412487	vOTU_2735	15592
UHGV-0139140	vOTU_2736	27237
UHGV-1786300	vOTU_2737	12693
UHGV-0095317	vOTU_2738	25482
UHGV-1984103	vOTU_2739	11165
UHGV-2172936	vOTU_2740	10835
UHGV-1856215	vOTU_2741	11176
UHGV-2209078	vOTU_2742	20575
UHGV-0242268	vOTU_2743	16235
UHGV-1561679	vOTU_2744	19312
UHGV-1775528	vOTU_2745	15394
UHGV-2036014	vOTU_2746	16387
UHGV-0449979	vOTU_2747	10522
UHGV-0084147	vOTU_2748	40533
UHGV-1941230	vOTU_2749	63127
UHGV-1776319	vOTU_2750	17072
UHGV-1656433	vOTU_2751	23164
UHGV-1798498	vOTU_2752	12760
UHGV-2101780	vOTU_2753	27696
UHGV-1799593	vOTU_2754	26618
UHGV-2005489	vOTU_2755	19963
UHGV-1949383	vOTU_2756	19020
UHGV-2029135	vOTU_2757	28104
UHGV-0092164	vOTU_2758	12361
UHGV-0102398	vOTU_2759	19973
UHGV-0153291	vOTU_2760	16925
UHGV-0302941	vOTU_2761	11909
UHGV-0135702	vOTU_2762	11104
UHGV-0233531	vOTU_2763	12563
UHGV-0219173	vOTU_2764	48431
UHGV-0386093	vOTU_2765	37158
UHGV-0057600	vOTU_2766	32279
UHGV-1940490	vOTU_2767	28775
UHGV-0034910	vOTU_2768	37910
UHGV-0317341	vOTU_2769	30789
UHGV-1662568	vOTU_2770	10112
UHGV-1760264	vOTU_2771	10689
UHGV-0119109	vOTU_2772	12815
UHGV-2003052	vOTU_2773	10152
UHGV-1479897	vOTU_2774	77557
UHGV-1804918	vOTU_2775	13516
UHGV-2145937	vOTU_2776	34115
UHGV-0107688	vOTU_2777	15546
UHGV-0438617	vOTU_2778	18755
UHGV-1708976	vOTU_2779	13137
UHGV-1354063	vOTU_2780	10379
UHGV-1417434	vOTU_2781	15738
UHGV-2157550	vOTU_2782	20574
UHGV-2156749	vOTU_2783	6933
UHGV-1953990	vOTU_2784	10705
UHGV-0387433	vOTU_2785	54468
UHGV-0387323	vOTU_2786	21311
UHGV-0117119	vOTU_2787	13539
UHGV-0310801	vOTU_2788	11891
UHGV-0204076	vOTU_2789	36714
UHGV-0198294	vOTU_2790	183042
UHGV-1717175	vOTU_2791	10508
UHGV-1915822	vOTU_2792	15359
UHGV-0103104	vOTU_2793	35631
UHGV-1616973	vOTU_2794	11333
UHGV-0101636	vOTU_2795	18462
UHGV-0196693	vOTU_2796	17352
UHGV-1799944	vOTU_2797	15924
UHGV-1689761	vOTU_2798	10708
UHGV-2170509	vOTU_2799	12948
UHGV-1351521	vOTU_2800	36820
UHGV-0095647	vOTU_2801	15412
UHGV-2182225	vOTU_2802	13549
UHGV-0207760	vOTU_2803	12436
UHGV-1625113	vOTU_2804	10643
UHGV-1458182	vOTU_2805	44000
UHGV-2125037	vOTU_2806	17123
UHGV-0201238	vOTU_2807	50747
UHGV-0325567	vOTU_2808	10851
UHGV-0196819	vOTU_2809	46644
UHGV-1420436	vOTU_2810	24426
UHGV-2137548	vOTU_2811	15837
UHGV-2166961	vOTU_2812	11919
UHGV-0003651	vOTU_2813	42194
UHGV-1604517	vOTU_2814	38034
UHGV-0126070	vOTU_2815	13697
UHGV-0184077	vOTU_2816	45813
UHGV-0056821	vOTU_2817	13072
UHGV-1518189	vOTU_2818	42368
UHGV-2005033	vOTU_2819	62654
UHGV-1517201	vOTU_2820	50157
UHGV-1498041	vOTU_2821	13705
UHGV-0375903	vOTU_2822	46875
UHGV-0144493	vOTU_2823	29089
UHGV-2046834	vOTU_2824	10813
UHGV-1406587	vOTU_2825	11655
UHGV-1705580	vOTU_2826	17360
UHGV-1717884	vOTU_2827	28143
UHGV-1870144	vOTU_2828	17825
UHGV-1722057	vOTU_2829	10445
UHGV-1733011	vOTU_2830	13267
UHGV-0060863	vOTU_2831	19903
UHGV-2076949	vOTU_2832	7489
UHGV-0150230	vOTU_2833	13497
UHGV-1481271	vOTU_2834	48451
UHGV-0141780	vOTU_2835	11724
UHGV-1354477	vOTU_2836	62122
UHGV-1354927	vOTU_2837	94568
UHGV-0775680	vOTU_2838	33960
UHGV-1777099	vOTU_2839	15361
UHGV-2139277	vOTU_2840	13083
UHGV-1766529	vOTU_2841	15639
UHGV-0355143	vOTU_2842	44595
UHGV-1790089	vOTU_2843	19541
UHGV-2025105	vOTU_2844	22151
UHGV-2109023	vOTU_2845	46943
UHGV-0244198	vOTU_2846	45249
UHGV-1479405	vOTU_2847	31838
UHGV-1486654	vOTU_2848	44417
UHGV-0095097	vOTU_2849	40253
UHGV-1543265	vOTU_2850	74805
UHGV-0034813	vOTU_2851	35782
UHGV-1465847	vOTU_2852	28472
UHGV-2119785	vOTU_2853	10180
UHGV-1504740	vOTU_2854	35385
UHGV-0113242	vOTU_2855	39865
UHGV-1859372	vOTU_2856	39048
UHGV-0167645	vOTU_2857	23153
UHGV-0285242	vOTU_2858	25098
UHGV-1417467	vOTU_2859	15548
UHGV-0118048	vOTU_2860	22911
UHGV-0106930	vOTU_2861	11602
UHGV-0157048	vOTU_2862	26981
UHGV-0205431	vOTU_2863	50785
UHGV-0114890	vOTU_2864	12978
UHGV-1805941	vOTU_2865	14792
UHGV-2050325	vOTU_2866	10786
UHGV-1647306	vOTU_2867	14693
UHGV-0119268	vOTU_2868	17487
UHGV-1479407	vOTU_2869	17207
UHGV-0084326	vOTU_2870	19032
UHGV-1335261	vOTU_2871	14082
UHGV-0048654	vOTU_2872	28059
UHGV-0117449	vOTU_2873	15197
UHGV-1355012	vOTU_2874	11208
UHGV-2042706	vOTU_2875	17969
UHGV-2062077	vOTU_2876	10624
UHGV-2148685	vOTU_2877	18903
UHGV-2191695	vOTU_2878	14441
UHGV-1812082	vOTU_2879	12773
UHGV-0164227	vOTU_2880	36938
UHGV-1734465	vOTU_2881	15265
UHGV-0208604	vOTU_2882	10272
UHGV-1839009	vOTU_2883	12008
UHGV-0976383	vOTU_2884	14198
UHGV-1425784	vOTU_2885	20942
UHGV-2050715	vOTU_2886	48022
UHGV-2167550	vOTU_2887	44200
UHGV-0370223	vOTU_2888	11310
UHGV-0280608	vOTU_2889	18606
UHGV-0445020	vOTU_2890	10652
UHGV-1486959	vOTU_2891	39251
UHGV-0090645	vOTU_2892	28158
UHGV-0126342	vOTU_2893	28008
UHGV-2190737	vOTU_2894	39875
UHGV-1382728	vOTU_2895	39548
UHGV-0063707	vOTU_2896	34040
UHGV-0308754	vOTU_2897	20925
UHGV-1637471	vOTU_2898	28521
UHGV-0144154	vOTU_2899	16368
UHGV-1505255	vOTU_2900	16101
UHGV-0090637	vOTU_2901	17839
UHGV-1411037	vOTU_2902	16278
UHGV-1930881	vOTU_2903	11059
UHGV-0086433	vOTU_2904	62608
UHGV-0193943	vOTU_2905	29440
UHGV-0280003	vOTU_2906	11048
UHGV-1785157	vOTU_2907	12529
UHGV-1577405	vOTU_2908	11961
UHGV-2172268	vOTU_2909	32712
UHGV-0158702	vOTU_2910	29517
UHGV-0092394	vOTU_2911	11701
UHGV-2029377	vOTU_2912	16999
UHGV-0167383	vOTU_2913	12562
UHGV-0117777	vOTU_2914	25607
UHGV-1534939	vOTU_2915	38683
UHGV-1632765	vOTU_2916	10468
UHGV-1482592	vOTU_2917	16499
UHGV-1551253	vOTU_2918	11494
UHGV-0098362	vOTU_2919	10839
UHGV-1738071	vOTU_2920	21530
UHGV-0087901	vOTU_2921	21737
UHGV-2056494	vOTU_2922	15452
UHGV-0362087	vOTU_2923	14502
UHGV-1686502	vOTU_2924	18945
UHGV-0221791	vOTU_2925	17489
UHGV-1955270	vOTU_2926	45834
UHGV-1648792	vOTU_2927	16264
UHGV-1589250	vOTU_2928	11896
UHGV-0083575	vOTU_2929	12403
UHGV-1379142	vOTU_2930	62296
UHGV-0223088	vOTU_2931	100999
UHGV-1284714	vOTU_2932	25903
UHGV-0208202	vOTU_2933	116200
UHGV-1414294	vOTU_2934	15517
UHGV-1607000	vOTU_2935	16602
UHGV-0151970	vOTU_2936	40168
UHGV-1510252	vOTU_2937	52896
UHGV-1858982	vOTU_2938	13867
UHGV-0141172	vOTU_2939	57683
UHGV-0197404	vOTU_2940	46978
UHGV-0157696	vOTU_2941	16576
UHGV-1747287	vOTU_2942	10776
UHGV-1443626	vOTU_2943	32357
UHGV-0423563	vOTU_2944	14430
UHGV-1948306	vOTU_2945	14444
UHGV-0204656	vOTU_2946	13304
UHGV-1841663	vOTU_2947	40153
UHGV-1962533	vOTU_2948	12860
UHGV-1346365	vOTU_2949	40547
UHGV-2139833	vOTU_2950	46602
UHGV-0406694	vOTU_2951	17733
UHGV-1534210	vOTU_2952	98423
UHGV-0042659	vOTU_2953	33343
UHGV-1932257	vOTU_2954	11277
UHGV-1858758	vOTU_2955	10326
UHGV-1794652	vOTU_2956	38375
UHGV-2033274	vOTU_2957	59570
UHGV-2171477	vOTU_2958	16852
UHGV-0106287	vOTU_2959	38107
UHGV-1927418	vOTU_2960	9836
UHGV-2016464	vOTU_2961	11461
UHGV-1584295	vOTU_2962	16838
UHGV-0278845	vOTU_2963	13664
UHGV-2046366	vOTU_2964	10461
UHGV-0108653	vOTU_2965	32941
UHGV-1500250	vOTU_2966	121415
UHGV-1935296	vOTU_2967	13345
UHGV-2179543	vOTU_2968	11137
UHGV-1959581	vOTU_2969	10880
UHGV-0186651	vOTU_2970	22385
UHGV-1798566	vOTU_2971	43623
UHGV-1497872	vOTU_2972	174598
UHGV-0080210	vOTU_2973	67947
UHGV-0919951	vOTU_2974	12623
UHGV-2230590	vOTU_2975	38919
UHGV-2171572	vOTU_2976	70755
UHGV-1867223	vOTU_2977	26411
UHGV-2184148	vOTU_2978	17172
UHGV-0331735	vOTU_2979	5826
UHGV-2121135	vOTU_2980	12304
UHGV-1418204	vOTU_2981	14718
UHGV-0119899	vOTU_2982	12247
UHGV-0085070	vOTU_2983	10632
UHGV-1402703	vOTU_2984	13126
UHGV-1550135	vOTU_2985	32176
UHGV-1861219	vOTU_2986	22291
UHGV-1663697	vOTU_2987	10065
UHGV-1363385	vOTU_2988	13190
UHGV-2176028	vOTU_2989	12664
UHGV-1375950	vOTU_2990	47819
UHGV-0338808	vOTU_2991	30208
UHGV-1338633	vOTU_2992	11270
UHGV-0212595	vOTU_2993	24427
UHGV-2085468	vOTU_2994	15485
UHGV-0163589	vOTU_2995	40361
UHGV-0331110	vOTU_2996	10674
UHGV-1433787	vOTU_2997	40115
UHGV-1421129	vOTU_2998	43274
UHGV-1639619	vOTU_2999	15607
UHGV-1639611	vOTU_3000	16334
UHGV-1515258	vOTU_3001	44139
UHGV-0043949	vOTU_3002	12727
UHGV-1415472	vOTU_3003	14388
UHGV-0053196	vOTU_3004	21531
UHGV-1801552	vOTU_3005	12902
UHGV-1750147	vOTU_3006	28709
UHGV-0058744	vOTU_3007	54128
UHGV-0062968	vOTU_3008	40562
UHGV-1382079	vOTU_3009	36212
UHGV-1923806	vOTU_3010	10000
UHGV-1738038	vOTU_3011	21293
UHGV-0339344	vOTU_3012	4154
UHGV-1655120	vOTU_3013	10065
UHGV-2199762	vOTU_3014	7693
UHGV-2167464	vOTU_3015	13090
UHGV-1586683	vOTU_3016	11973
UHGV-1450803	vOTU_3017	43971
UHGV-0044359	vOTU_3018	10173
UHGV-0370317	vOTU_3019	12327
UHGV-2138020	vOTU_3020	30819
UHGV-0045928	vOTU_3021	42069
UHGV-0068924	vOTU_3022	26377
UHGV-0044651	vOTU_3023	11009
UHGV-1699652	vOTU_3024	17362
UHGV-2043025	vOTU_3025	10771
UHGV-1373384	vOTU_3026	18921
UHGV-1557667	vOTU_3027	32352
UHGV-2087760	vOTU_3028	23739
UHGV-1625091	vOTU_3029	10643
UHGV-0114838	vOTU_3030	11384
UHGV-1229329	vOTU_3031	31160
UHGV-1831905	vOTU_3032	12194
UHGV-2153556	vOTU_3033	13174
UHGV-0208950	vOTU_3034	32380
UHGV-2229189	vOTU_3035	11340
UHGV-2119515	vOTU_3036	11696
UHGV-1965769	vOTU_3037	17737
UHGV-2010949	vOTU_3038	14291
UHGV-1274612	vOTU_3039	21664
UHGV-0154305	vOTU_3040	159705
UHGV-2054982	vOTU_3041	48965
UHGV-2113599	vOTU_3042	15847
UHGV-0168448	vOTU_3043	14326
UHGV-1579932	vOTU_3044	11517
UHGV-1924471	vOTU_3045	18181
UHGV-0210703	vOTU_3046	11138
UHGV-2073900	vOTU_3047	36491
UHGV-2164157	vOTU_3048	16492
UHGV-0045640	vOTU_3049	21064
UHGV-1867830	vOTU_3050	17210
UHGV-1735627	vOTU_3051	15289
UHGV-0145244	vOTU_3052	45472
UHGV-2217130	vOTU_3053	15974
UHGV-0198295	vOTU_3054	21250
UHGV-2194205	vOTU_3055	36175
UHGV-0266232	vOTU_3056	27352
UHGV-1633150	vOTU_3057	15495
UHGV-2004124	vOTU_3058	13942
UHGV-2100362	vOTU_3059	22638
UHGV-1552850	vOTU_3060	22970
UHGV-0294264	vOTU_3061	11143
UHGV-0383400	vOTU_3062	28592
UHGV-1460948	vOTU_3063	8183
UHGV-1759756	vOTU_3064	20418
UHGV-1674023	vOTU_3065	12719
UHGV-2189377	vOTU_3066	25648
UHGV-0088524	vOTU_3067	22432
UHGV-1646656	vOTU_3068	16245
UHGV-1509588	vOTU_3069	43544
UHGV-1836136	vOTU_3070	13780
UHGV-0093773	vOTU_3071	35679
UHGV-1301882	vOTU_3072	11010
UHGV-1601797	vOTU_3073	19039
UHGV-1436659	vOTU_3074	231410
UHGV-1410313	vOTU_3075	49839
UHGV-2028758	vOTU_3076	12326
UHGV-0148003	vOTU_3077	15512
UHGV-1845174	vOTU_3078	38472
UHGV-2036453	vOTU_3079	13241
UHGV-1409576	vOTU_3080	11386
UHGV-0318084	vOTU_3081	17119
UHGV-1665619	vOTU_3082	14278
UHGV-1483799	vOTU_3083	16729
UHGV-0174905	vOTU_3084	11966
UHGV-0006623	vOTU_3085	28893
UHGV-2177299	vOTU_3086	85891
UHGV-0037058	vOTU_3087	49290
UHGV-2108177	vOTU_3088	46702
UHGV-0266736	vOTU_3089	63876
UHGV-0209749	vOTU_3090	33913
UHGV-0201088	vOTU_3091	17451
UHGV-1954477	vOTU_3092	23924
UHGV-1951995	vOTU_3093	11336
UHGV-0298754	vOTU_3094	29840
UHGV-0181071	vOTU_3095	10055
UHGV-0163212	vOTU_3096	11370
UHGV-1641436	vOTU_3097	14595
UHGV-0116596	vOTU_3098	12095
UHGV-2185121	vOTU_3099	13387
UHGV-1341556	vOTU_3100	43868
UHGV-2152020	vOTU_3101	29442
UHGV-0231154	vOTU_3102	37997
UHGV-0365107	vOTU_3103	52679
UHGV-2082405	vOTU_3104	13684
UHGV-0200513	vOTU_3105	38637
UHGV-1987938	vOTU_3106	6585
UHGV-0180649	vOTU_3107	19581
UHGV-0157149	vOTU_3108	12761
UHGV-0132719	vOTU_3109	50652
UHGV-2194080	vOTU_3110	10328
UHGV-2019780	vOTU_3111	24050
UHGV-1990059	vOTU_3112	11833
UHGV-2179052	vOTU_3113	16609
UHGV-1935589	vOTU_3114	10577
UHGV-1520191	vOTU_3115	34019
UHGV-0209301	vOTU_3116	40050
UHGV-2174268	vOTU_3117	22200
UHGV-0157197	vOTU_3118	28685
UHGV-0066351	vOTU_3119	92961
UHGV-0384702	vOTU_3120	35450
UHGV-0156511	vOTU_3121	12174
UHGV-0146470	vOTU_3122	10283
UHGV-0147679	vOTU_3123	13274
UHGV-2167416	vOTU_3124	11994
UHGV-1501782	vOTU_3125	12915
UHGV-0360513	vOTU_3126	15408
UHGV-1677540	vOTU_3127	17599
UHGV-0137111	vOTU_3128	43644
UHGV-0040068	vOTU_3129	75614
UHGV-1965045	vOTU_3130	17433
UHGV-1647786	vOTU_3131	32971
UHGV-1470789	vOTU_3132	40763
UHGV-1486787	vOTU_3133	27713
UHGV-0100075	vOTU_3134	24495
UHGV-2138659	vOTU_3135	15049
UHGV-1465412	vOTU_3136	20644
UHGV-2002287	vOTU_3137	31066
UHGV-0278563	vOTU_3138	35540
UHGV-1979820	vOTU_3139	13487
UHGV-0154412	vOTU_3140	21836
UHGV-1461386	vOTU_3141	33594
UHGV-1847556	vOTU_3142	10092
UHGV-0162767	vOTU_3143	22386
UHGV-0316370	vOTU_3144	14370
UHGV-0091102	vOTU_3145	30599
UHGV-1938795	vOTU_3146	60240
UHGV-0096983	vOTU_3147	13086
UHGV-0312402	vOTU_3148	41285
UHGV-0009968	vOTU_3149	64496
UHGV-0170939	vOTU_3150	15248
UHGV-0268977	vOTU_3151	45909
UHGV-1340128	vOTU_3152	57940
UHGV-1866296	vOTU_3153	41467
UHGV-0112395	vOTU_3154	16276
UHGV-1730528	vOTU_3155	17846
UHGV-2223037	vOTU_3156	11606
UHGV-1336808	vOTU_3157	12141
UHGV-2164809	vOTU_3158	11162
UHGV-1974830	vOTU_3159	11469
UHGV-0160880	vOTU_3160	27803
UHGV-2002481	vOTU_3161	17894
UHGV-1878837	vOTU_3162	12443
UHGV-0384244	vOTU_3163	15549
UHGV-2206194	vOTU_3164	15872
UHGV-1352414	vOTU_3165	22940
UHGV-1486573	vOTU_3166	39253
UHGV-1993697	vOTU_3167	10317
UHGV-0085401	vOTU_3168	10872
UHGV-1944846	vOTU_3169	17160
UHGV-1799049	vOTU_3170	44418
UHGV-0258309	vOTU_3171	25468
UHGV-2111618	vOTU_3172	10340
UHGV-1624598	vOTU_3173	10365
UHGV-2097725	vOTU_3174	13349
UHGV-1469735	vOTU_3175	42390
UHGV-1821349	vOTU_3176	10093
UHGV-1762637	vOTU_3177	17342
UHGV-2156542	vOTU_3178	16083
UHGV-1929349	vOTU_3179	15808
UHGV-0169071	vOTU_3180	12092
UHGV-0107992	vOTU_3181	10060
UHGV-0155528	vOTU_3182	18139
UHGV-2107736	vOTU_3183	10097
UHGV-0141709	vOTU_3184	45721
UHGV-0095911	vOTU_3185	13909
UHGV-2182050	vOTU_3186	13467
UHGV-0082431	vOTU_3187	11379
UHGV-1391174	vOTU_3188	11666
UHGV-1865246	vOTU_3189	114698
UHGV-1229812	vOTU_3190	10190
UHGV-0182630	vOTU_3191	85250
UHGV-1472545	vOTU_3192	52783
UHGV-1675006	vOTU_3193	50268
UHGV-0087590	vOTU_3194	27626
UHGV-1350373	vOTU_3195	35395
UHGV-2008599	vOTU_3196	14484
UHGV-0388107	vOTU_3197	41037
UHGV-0480336	vOTU_3198	28995
UHGV-1395090	vOTU_3199	17880
UHGV-1500325	vOTU_3200	12088
UHGV-0015187	vOTU_3201	36068
UHGV-2134803	vOTU_3202	61695
UHGV-0291239	vOTU_3203	34467
UHGV-0229247	vOTU_3204	34271
UHGV-1683420	vOTU_3205	24187
UHGV-1464544	vOTU_3206	8233
UHGV-1713317	vOTU_3207	13985
UHGV-2206119	vOTU_3208	10191
UHGV-0382199	vOTU_3209	15883
UHGV-2143089	vOTU_3210	12744
UHGV-2148804	vOTU_3211	27586
UHGV-0207810	vOTU_3212	39295
UHGV-1634558	vOTU_3213	14369
UHGV-0039327	vOTU_3214	163249
UHGV-2224980	vOTU_3215	23000
UHGV-2004986	vOTU_3216	12056
UHGV-1739882	vOTU_3217	15050
UHGV-0253621	vOTU_3218	14442
UHGV-2168952	vOTU_3219	26308
UHGV-0099513	vOTU_3220	11059
UHGV-0227021	vOTU_3221	13713
UHGV-1118993	vOTU_3222	19467
UHGV-0107483	vOTU_3223	21309
UHGV-1735591	vOTU_3224	13411
UHGV-1951250	vOTU_3225	12828
UHGV-0164884	vOTU_3226	41262
UHGV-1364389	vOTU_3227	195842
UHGV-1652731	vOTU_3228	13963
UHGV-1348703	vOTU_3229	36545
UHGV-1855427	vOTU_3230	49929
UHGV-0069457	vOTU_3231	68053
UHGV-0133590	vOTU_3232	19300
UHGV-0064372	vOTU_3233	10767
UHGV-1896356	vOTU_3234	10132
UHGV-0182197	vOTU_3235	11102
UHGV-1993988	vOTU_3236	18437
UHGV-1620334	vOTU_3237	10538
UHGV-0209127	vOTU_3238	15518
UHGV-0818434	vOTU_3239	15468
UHGV-1563943	vOTU_3240	23299
UHGV-1933569	vOTU_3241	14047
UHGV-1691702	vOTU_3242	14404
UHGV-0099291	vOTU_3243	22982
UHGV-0083480	vOTU_3244	18380
UHGV-0255766	vOTU_3245	62612
UHGV-1742178	vOTU_3246	15133
UHGV-0094873	vOTU_3247	14697
UHGV-0113849	vOTU_3248	31574
UHGV-1295692	vOTU_3249	20821
UHGV-1852903	vOTU_3250	13992
UHGV-1981586	vOTU_3251	51878
UHGV-0041210	vOTU_3252	10732
UHGV-0087103	vOTU_3253	11055
UHGV-0131399	vOTU_3254	33655
UHGV-0230061	vOTU_3255	61608
UHGV-1528338	vOTU_3256	59467
UHGV-1841372	vOTU_3257	18123
UHGV-0098454	vOTU_3258	28273
UHGV-2160960	vOTU_3259	33617
UHGV-2097341	vOTU_3260	60061
UHGV-2011747	vOTU_3261	12195
UHGV-0165532	vOTU_3262	24949
UHGV-0194057	vOTU_3263	23880
UHGV-0231535	vOTU_3264	31192
UHGV-0177897	vOTU_3265	10043
UHGV-1938157	vOTU_3266	23047
UHGV-1733212	vOTU_3267	15222
UHGV-2048973	vOTU_3268	30058
UHGV-1715031	vOTU_3269	10313
UHGV-0085949	vOTU_3270	14272
UHGV-1922080	vOTU_3271	35501
UHGV-1319972	vOTU_3272	33080
UHGV-2149522	vOTU_3273	10243
UHGV-2012546	vOTU_3274	17478
UHGV-0119565	vOTU_3275	12168
UHGV-0299911	vOTU_3276	18139
UHGV-2238264	vOTU_3277	10393
UHGV-1584977	vOTU_3278	11909
UHGV-0153839	vOTU_3279	18294
UHGV-1868826	vOTU_3280	11691
UHGV-0379959	vOTU_3281	11816
UHGV-1610290	vOTU_3282	16458
UHGV-0167286	vOTU_3283	14778
UHGV-2183601	vOTU_3284	40910
UHGV-0255533	vOTU_3285	40373
UHGV-1446638	vOTU_3286	13919
UHGV-0192217	vOTU_3287	12240
UHGV-2073088	vOTU_3288	13480
UHGV-1830256	vOTU_3289	23199
UHGV-0149978	vOTU_3290	40732
UHGV-2015589	vOTU_3291	10220
UHGV-2240882	vOTU_3292	14469
UHGV-2150245	vOTU_3293	13834
UHGV-1963607	vOTU_3294	13714
UHGV-2006290	vOTU_3295	15630
UHGV-0174601	vOTU_3296	46673
UHGV-1945537	vOTU_3297	41279
UHGV-0128421	vOTU_3298	37668
UHGV-2100533	vOTU_3299	43645
UHGV-1955282	vOTU_3300	34981
UHGV-2017972	vOTU_3301	86672
UHGV-2125943	vOTU_3302	11546
UHGV-1402860	vOTU_3303	49743
UHGV-1836639	vOTU_3304	10240
UHGV-0144883	vOTU_3305	13327
UHGV-2169287	vOTU_3306	28310
UHGV-1499329	vOTU_3307	39478
UHGV-2011153	vOTU_3308	10879
UHGV-0191820	vOTU_3309	14088
UHGV-0146101	vOTU_3310	18417
UHGV-1812213	vOTU_3311	25725
UHGV-2162837	vOTU_3312	16348
UHGV-2025644	vOTU_3313	13859
UHGV-0209596	vOTU_3314	43850
UHGV-0157940	vOTU_3315	11945
UHGV-1808851	vOTU_3316	68288
UHGV-0207623	vOTU_3317	20089
UHGV-2144835	vOTU_3318	11163
UHGV-1925659	vOTU_3319	47692
UHGV-1525012	vOTU_3320	36598
UHGV-1734423	vOTU_3321	15248
UHGV-0054676	vOTU_3322	112323
UHGV-1497310	vOTU_3323	42686
UHGV-0243385	vOTU_3324	156495
UHGV-2188214	vOTU_3325	25741
UHGV-2153437	vOTU_3326	14135
UHGV-0194728	vOTU_3327	63384
UHGV-1609283	vOTU_3328	16703
UHGV-1512085	vOTU_3329	46230
UHGV-0051250	vOTU_3330	36041
UHGV-0098166	vOTU_3331	14039
UHGV-1229650	vOTU_3332	10601
UHGV-1381458	vOTU_3333	39429
UHGV-0292362	vOTU_3334	16483
UHGV-0167026	vOTU_3335	12372
UHGV-0318223	vOTU_3336	42320
UHGV-0191491	vOTU_3337	14665
UHGV-1873582	vOTU_3338	28493
UHGV-1919025	vOTU_3339	12867
UHGV-2169108	vOTU_3340	10703
UHGV-2014662	vOTU_3341	44479
UHGV-0068618	vOTU_3342	10747
UHGV-1964213	vOTU_3343	10634
UHGV-2094166	vOTU_3344	6061
UHGV-0382719	vOTU_3345	11825
UHGV-0164533	vOTU_3346	22050
UHGV-1552094	vOTU_3347	11252
UHGV-2113822	vOTU_3348	13771
UHGV-2055146	vOTU_3349	13244
UHGV-1782442	vOTU_3350	12455
UHGV-1709748	vOTU_3351	10487
UHGV-2051276	vOTU_3352	9080
UHGV-1486034	vOTU_3353	16688
UHGV-0056323	vOTU_3354	48503
UHGV-1762717	vOTU_3355	15332
UHGV-0165335	vOTU_3356	12339
UHGV-1485427	vOTU_3357	15883
UHGV-0117466	vOTU_3358	40321
UHGV-1941587	vOTU_3359	53167
UHGV-0143822	vOTU_3360	12981
UHGV-2189683	vOTU_3361	12483
UHGV-1974123	vOTU_3362	14328
UHGV-1644286	vOTU_3363	16291
UHGV-1715458	vOTU_3364	10428
UHGV-2026641	vOTU_3365	3325
UHGV-1612010	vOTU_3366	13122
UHGV-1471555	vOTU_3367	42494
UHGV-1479042	vOTU_3368	46691
UHGV-2029184	vOTU_3369	44379
UHGV-2047082	vOTU_3370	19604
UHGV-1983286	vOTU_3371	15754
UHGV-2116785	vOTU_3372	130198
UHGV-1359928	vOTU_3373	41387
UHGV-1625723	vOTU_3374	12309
UHGV-0094758	vOTU_3375	46219
UHGV-0148754	vOTU_3376	17705
UHGV-1460423	vOTU_3377	8744
UHGV-2088853	vOTU_3378	14204
UHGV-1619383	vOTU_3379	10474
UHGV-1618287	vOTU_3380	11360
UHGV-2142923	vOTU_3381	13569
UHGV-0209922	vOTU_3382	19281
UHGV-0080259	vOTU_3383	25033
UHGV-1659177	vOTU_3384	10137
UHGV-2059832	vOTU_3385	10533
UHGV-1893302	vOTU_3386	39473
UHGV-0011947	vOTU_3387	40745
UHGV-2163684	vOTU_3388	32015
UHGV-1631149	vOTU_3389	10358
UHGV-1944108	vOTU_3390	13700
UHGV-0065347	vOTU_3391	36395
UHGV-2070734	vOTU_3392	6963
UHGV-2020897	vOTU_3393	36351
UHGV-1245524	vOTU_3394	10422
UHGV-1874653	vOTU_3395	10055
UHGV-2109980	vOTU_3396	32800
UHGV-2142253	vOTU_3397	32749
UHGV-1666469	vOTU_3398	10124
UHGV-2139772	vOTU_3399	12309
UHGV-2146524	vOTU_3400	10062
UHGV-1704298	vOTU_3401	10775
UHGV-0330141	vOTU_3402	13325
UHGV-0153360	vOTU_3403	20548
UHGV-1416122	vOTU_3404	16240
UHGV-1942067	vOTU_3405	10362
UHGV-0107567	vOTU_3406	14510
UHGV-0079164	vOTU_3407	14691
UHGV-0170257	vOTU_3408	33327
UHGV-1566760	vOTU_3409	23282
UHGV-2097318	vOTU_3410	13236
UHGV-0052682	vOTU_3411	52225
UHGV-1639244	vOTU_3412	16303
UHGV-0371613	vOTU_3413	13040
UHGV-1934892	vOTU_3414	23140
UHGV-0372404	vOTU_3415	12035
UHGV-0941984	vOTU_3416	12149
UHGV-1513292	vOTU_3417	98147
UHGV-1795448	vOTU_3418	19718
UHGV-2171646	vOTU_3419	97241
UHGV-1617214	vOTU_3420	11367
UHGV-0155930	vOTU_3421	26934
UHGV-2160920	vOTU_3422	8096
UHGV-1572253	vOTU_3423	39573
UHGV-0134422	vOTU_3424	43526
UHGV-0234512	vOTU_3425	33369
UHGV-1821129	vOTU_3426	12324
UHGV-0038166	vOTU_3427	41575
UHGV-0331536	vOTU_3428	49952
UHGV-1494772	vOTU_3429	48709
UHGV-0091108	vOTU_3430	28942
UHGV-0151533	vOTU_3431	13253
UHGV-2050054	vOTU_3432	10332
UHGV-0089758	vOTU_3433	43217
UHGV-0205995	vOTU_3434	44898
UHGV-1960137	vOTU_3435	13668
UHGV-1966773	vOTU_3436	16236
UHGV-1822803	vOTU_3437	12235
UHGV-1360997	vOTU_3438	125651
UHGV-1472233	vOTU_3439	102534
UHGV-0203395	vOTU_3440	19944
UHGV-1476167	vOTU_3441	44998
UHGV-1434437	vOTU_3442	32369
UHGV-0345727	vOTU_3443	11470
UHGV-0170284	vOTU_3444	38395
UHGV-2192010	vOTU_3445	18564
UHGV-2036774	vOTU_3446	19111
UHGV-1483969	vOTU_3447	12640
UHGV-0153586	vOTU_3448	15678
UHGV-1771652	vOTU_3449	16459
UHGV-0100505	vOTU_3450	17362
UHGV-1362668	vOTU_3451	60344
UHGV-2125756	vOTU_3452	14932
UHGV-2166550	vOTU_3453	15197
UHGV-0211195	vOTU_3454	45214
UHGV-1433038	vOTU_3455	105393
UHGV-1736718	vOTU_3456	14213
UHGV-0092173	vOTU_3457	33303
UHGV-1355008	vOTU_3458	53009
UHGV-0205683	vOTU_3459	45100
UHGV-1768093	vOTU_3460	16463
UHGV-1996873	vOTU_3461	52355
UHGV-1904781	vOTU_3462	11598
UHGV-2009164	vOTU_3463	14007
UHGV-2167523	vOTU_3464	13082
UHGV-1783406	vOTU_3465	12514
UHGV-1750583	vOTU_3466	20583
UHGV-0035256	vOTU_3467	32355
UHGV-1494796	vOTU_3468	64693
UHGV-2136593	vOTU_3469	16509
UHGV-0062938	vOTU_3470	28667
UHGV-1804105	vOTU_3471	14893
UHGV-0183698	vOTU_3472	38964
UHGV-0369400	vOTU_3473	43282
UHGV-2239249	vOTU_3474	14630
UHGV-2040889	vOTU_3475	22774
UHGV-0474213	vOTU_3476	26271
UHGV-1629960	vOTU_3477	12383
UHGV-1964888	vOTU_3478	24553
UHGV-0161152	vOTU_3479	11365
UHGV-2029935	vOTU_3480	11855
UHGV-2161683	vOTU_3481	13529
UHGV-1500506	vOTU_3482	12292
UHGV-0479984	vOTU_3483	72011
UHGV-0236573	vOTU_3484	41218
UHGV-1988928	vOTU_3485	11790
UHGV-2114799	vOTU_3486	17915
UHGV-2170991	vOTU_3487	22775
UHGV-0334956	vOTU_3488	12314
UHGV-1355614	vOTU_3489	15508
UHGV-0167800	vOTU_3490	16080
UHGV-0885161	vOTU_3491	50062
UHGV-0042353	vOTU_3492	10767
UHGV-0054036	vOTU_3493	10074
UHGV-0393302	vOTU_3494	10574
UHGV-0273076	vOTU_3495	15098
UHGV-2171692	vOTU_3496	10699
UHGV-2120018	vOTU_3497	11721
UHGV-1946838	vOTU_3498	13327
UHGV-1371942	vOTU_3499	18613
UHGV-0029745	vOTU_3500	33742
UHGV-1587278	vOTU_3501	11982
UHGV-0100728	vOTU_3502	12741
UHGV-2163517	vOTU_3503	37641
UHGV-1325805	vOTU_3504	15880
UHGV-2201937	vOTU_3505	15289
UHGV-0281651	vOTU_3506	12819
UHGV-2106680	vOTU_3507	13543
UHGV-1919695	vOTU_3508	15286
UHGV-1573757	vOTU_3509	23629
UHGV-0190031	vOTU_3510	11100
UHGV-1774821	vOTU_3511	13618
UHGV-0184688	vOTU_3512	27400
UHGV-0067680	vOTU_3513	13621
UHGV-2085428	vOTU_3514	10097
UHGV-2184730	vOTU_3515	33850
UHGV-0153379	vOTU_3516	27323
UHGV-1617994	vOTU_3517	11420
UHGV-0210418	vOTU_3518	10873
UHGV-1820052	vOTU_3519	35179
UHGV-1556439	vOTU_3520	41711
UHGV-0388519	vOTU_3521	37589
UHGV-2041339	vOTU_3522	13340
UHGV-2112781	vOTU_3523	12061
UHGV-1865968	vOTU_3524	12193
UHGV-0022143	vOTU_3525	55220
UHGV-1781185	vOTU_3526	20865
UHGV-1928528	vOTU_3527	10156
UHGV-2049192	vOTU_3528	13680
UHGV-1950466	vOTU_3529	11688
UHGV-0369799	vOTU_3530	10574
UHGV-2009298	vOTU_3531	17765
UHGV-1499868	vOTU_3532	34647
UHGV-2124167	vOTU_3533	10272
UHGV-0873803	vOTU_3534	43952
UHGV-1911573	vOTU_3535	15173
UHGV-1872995	vOTU_3536	12881
UHGV-1369772	vOTU_3537	38259
UHGV-0123088	vOTU_3538	55552
UHGV-1368161	vOTU_3539	31048
UHGV-1623007	vOTU_3540	41683
UHGV-1827749	vOTU_3541	16092
UHGV-2147215	vOTU_3542	47753
UHGV-0083299	vOTU_3543	11599
UHGV-2083710	vOTU_3544	12092
UHGV-1957886	vOTU_3545	48013
UHGV-1963088	vOTU_3546	10958
UHGV-1507591	vOTU_3547	35417
UHGV-0202651	vOTU_3548	16816
UHGV-0317061	vOTU_3549	75107
UHGV-0071199	vOTU_3550	19113
UHGV-2039766	vOTU_3551	11092
UHGV-0239680	vOTU_3552	19251
UHGV-0133951	vOTU_3553	43562
UHGV-1589862	vOTU_3554	11560
UHGV-0123581	vOTU_3555	14361
UHGV-0190675	vOTU_3556	14363
UHGV-0001974	vOTU_3557	10596
UHGV-2123580	vOTU_3558	64550
UHGV-0288512	vOTU_3559	12680
UHGV-1755498	vOTU_3560	13574
UHGV-2037187	vOTU_3561	60664
UHGV-1505779	vOTU_3562	36424
UHGV-2038414	vOTU_3563	21825
UHGV-0182139	vOTU_3564	41641
UHGV-2049896	vOTU_3565	11824
UHGV-0255658	vOTU_3566	10725
UHGV-0212753	vOTU_3567	60770
UHGV-1584091	vOTU_3568	17122
UHGV-1583511	vOTU_3569	32579
UHGV-0087437	vOTU_3570	61325
UHGV-2049291	vOTU_3571	41412
UHGV-2116207	vOTU_3572	25734
UHGV-0226152	vOTU_3573	10812
UHGV-2111718	vOTU_3574	13352
UHGV-0142010	vOTU_3575	25621
UHGV-0255350	vOTU_3576	17520
UHGV-2109289	vOTU_3577	39180
UHGV-1757926	vOTU_3578	15440
UHGV-0098929	vOTU_3579	41100
UHGV-0188749	vOTU_3580	55923
UHGV-1337926	vOTU_3581	15619
UHGV-0312869	vOTU_3582	24066
UHGV-1515288	vOTU_3583	45068
UHGV-2123887	vOTU_3584	12438
UHGV-1983175	vOTU_3585	12762
UHGV-1521729	vOTU_3586	47860
UHGV-1652128	vOTU_3587	18632
UHGV-2125465	vOTU_3588	33158
UHGV-1423831	vOTU_3589	24415
UHGV-1997788	vOTU_3590	28593
UHGV-0092371	vOTU_3591	22707
UHGV-0386065	vOTU_3592	45823
UHGV-2150250	vOTU_3593	45036
UHGV-0195069	vOTU_3594	18497
UHGV-0190824	vOTU_3595	31333
UHGV-0076126	vOTU_3596	40476
UHGV-2034184	vOTU_3597	48257
UHGV-1638832	vOTU_3598	15727
UHGV-1776863	vOTU_3599	15289
UHGV-1457193	vOTU_3600	3333
UHGV-1597211	vOTU_3601	32835
UHGV-2049047	vOTU_3602	37973
UHGV-1424051	vOTU_3603	24415
UHGV-1383005	vOTU_3604	36026
UHGV-2120113	vOTU_3605	13043
UHGV-1491905	vOTU_3606	25585
UHGV-0342660	vOTU_3607	24263
UHGV-2163571	vOTU_3608	10559
UHGV-0282858	vOTU_3609	10382
UHGV-1953096	vOTU_3610	47736
UHGV-1578404	vOTU_3611	29449
UHGV-1570656	vOTU_3612	11895
UHGV-1383909	vOTU_3613	35039
UHGV-0036359	vOTU_3614	86259
UHGV-1888901	vOTU_3615	10529
UHGV-0081320	vOTU_3616	13964
UHGV-1738685	vOTU_3617	46333
UHGV-0132959	vOTU_3618	27186
UHGV-2134416	vOTU_3619	12636
UHGV-2119651	vOTU_3620	4614
UHGV-1691119	vOTU_3621	10889
UHGV-1755859	vOTU_3622	10782
UHGV-0273205	vOTU_3623	59310
UHGV-1422883	vOTU_3624	33134
UHGV-1899260	vOTU_3625	12613
UHGV-1931736	vOTU_3626	10947
UHGV-0085409	vOTU_3627	12705
UHGV-2003039	vOTU_3628	15568
UHGV-0189511	vOTU_3629	56327
UHGV-0113097	vOTU_3630	12435
UHGV-0244730	vOTU_3631	53105
UHGV-0183923	vOTU_3632	58506
UHGV-0190964	vOTU_3633	59899
UHGV-2221974	vOTU_3634	13202
UHGV-0066560	vOTU_3635	30302
UHGV-1973877	vOTU_3636	10769
UHGV-2146658	vOTU_3637	13023
UHGV-1768129	vOTU_3638	13897
UHGV-1462164	vOTU_3639	35439
UHGV-1632650	vOTU_3640	10563
UHGV-0139086	vOTU_3641	14482
UHGV-0058553	vOTU_3642	13084
UHGV-1927620	vOTU_3643	10152
UHGV-0063099	vOTU_3644	41169
UHGV-1636373	vOTU_3645	15548
UHGV-0154649	vOTU_3646	15978
UHGV-1957481	vOTU_3647	19502
UHGV-0054716	vOTU_3648	19276
UHGV-2182343	vOTU_3649	24424
UHGV-0079432	vOTU_3650	21418
UHGV-1636095	vOTU_3651	15478
UHGV-1840723	vOTU_3652	17214
UHGV-1826561	vOTU_3653	15790
UHGV-0083873	vOTU_3654	13313
UHGV-0331309	vOTU_3655	50535
UHGV-1811528	vOTU_3656	13747
UHGV-2010714	vOTU_3657	40710
UHGV-0193909	vOTU_3658	16250
UHGV-0177916	vOTU_3659	11819
UHGV-1492335	vOTU_3660	42647
UHGV-0127455	vOTU_3661	27540
UHGV-0083387	vOTU_3662	30049
UHGV-2193914	vOTU_3663	23360
UHGV-2140005	vOTU_3664	21698
UHGV-0206432	vOTU_3665	29479
UHGV-1544495	vOTU_3666	52635
UHGV-1953741	vOTU_3667	53424
UHGV-0241429	vOTU_3668	10164
UHGV-0117530	vOTU_3669	43201
UHGV-0207485	vOTU_3670	35124
UHGV-0315484	vOTU_3671	59079
UHGV-0118326	vOTU_3672	31779
UHGV-1839086	vOTU_3673	22565
UHGV-1549614	vOTU_3674	32232
UHGV-1801370	vOTU_3675	12830
UHGV-1350531	vOTU_3676	162445
UHGV-1384770	vOTU_3677	43789
UHGV-1580884	vOTU_3678	39921
UHGV-0191933	vOTU_3679	30538
UHGV-0181775	vOTU_3680	12086
UHGV-2081919	vOTU_3681	16812
UHGV-0159540	vOTU_3682	12801
UHGV-0077816	vOTU_3683	10372
UHGV-1308387	vOTU_3684	12095
UHGV-2113852	vOTU_3685	56412
UHGV-1344718	vOTU_3686	61983
UHGV-2187463	vOTU_3687	49975
UHGV-0790938	vOTU_3688	11787
UHGV-1477051	vOTU_3689	115772
UHGV-1752191	vOTU_3690	10613
UHGV-1406052	vOTU_3691	26220
UHGV-1633950	vOTU_3692	28463
UHGV-1792246	vOTU_3693	12452
UHGV-1495048	vOTU_3694	46851
UHGV-0042738	vOTU_3695	32711
UHGV-0130748	vOTU_3696	42117
UHGV-2039454	vOTU_3697	59918
UHGV-2117056	vOTU_3698	10463
UHGV-1509741	vOTU_3699	64521
UHGV-1999863	vOTU_3700	37095
UHGV-0146786	vOTU_3701	36292
UHGV-0305637	vOTU_3702	12894
UHGV-0025553	vOTU_3703	42631
UHGV-1576461	vOTU_3704	33990
UHGV-1816820	vOTU_3705	61458
UHGV-2107706	vOTU_3706	11207
UHGV-1493393	vOTU_3707	15075
UHGV-0381024	vOTU_3708	30850
UHGV-0096598	vOTU_3709	11472
UHGV-1966196	vOTU_3710	10682
UHGV-1940181	vOTU_3711	50199
UHGV-0067486	vOTU_3712	14378
UHGV-2071677	vOTU_3713	15535
UHGV-0271370	vOTU_3714	17693
UHGV-0226123	vOTU_3715	29331
UHGV-1447605	vOTU_3716	140587
UHGV-1947028	vOTU_3717	40053
UHGV-2137973	vOTU_3718	18078
UHGV-0284431	vOTU_3719	10198
UHGV-0383717	vOTU_3720	10486
UHGV-0118398	vOTU_3721	19058
UHGV-1352353	vOTU_3722	69556
UHGV-0147900	vOTU_3723	20347
UHGV-0146603	vOTU_3724	10512
UHGV-2015368	vOTU_3725	11862
UHGV-1941314	vOTU_3726	11802
UHGV-2171040	vOTU_3727	10143
UHGV-0209243	vOTU_3728	32297
UHGV-2215061	vOTU_3729	16780
UHGV-0209637	vOTU_3730	35507
UHGV-1765175	vOTU_3731	16507
UHGV-2039970	vOTU_3732	17569
UHGV-0110481	vOTU_3733	50805
UHGV-0019046	vOTU_3734	51169
UHGV-1674225	vOTU_3735	17836
UHGV-1596013	vOTU_3736	16713
UHGV-2145492	vOTU_3737	33243
UHGV-0146748	vOTU_3738	12908
UHGV-0053228	vOTU_3739	14732
UHGV-2133928	vOTU_3740	36015
UHGV-0916984	vOTU_3741	13478
UHGV-0071448	vOTU_3742	36937
UHGV-1433744	vOTU_3743	31244
UHGV-1504088	vOTU_3744	41353
UHGV-1289950	vOTU_3745	61251
UHGV-2172596	vOTU_3746	12990
UHGV-1443621	vOTU_3747	18726
UHGV-1946907	vOTU_3748	17317
UHGV-0190786	vOTU_3749	39718
UHGV-0058348	vOTU_3750	10240
UHGV-1646888	vOTU_3751	14349
UHGV-1820032	vOTU_3752	52687
UHGV-1582409	vOTU_3753	30106
UHGV-1966457	vOTU_3754	10041
UHGV-1316989	vOTU_3755	14830
UHGV-1436293	vOTU_3756	29245
UHGV-2109958	vOTU_3757	13007
UHGV-1649103	vOTU_3758	23032
UHGV-1421847	vOTU_3759	23157
UHGV-0119009	vOTU_3760	12081
UHGV-0165994	vOTU_3761	17801
UHGV-0339060	vOTU_3762	12853
UHGV-1836156	vOTU_3763	13008
UHGV-2077765	vOTU_3764	13191
UHGV-2148045	vOTU_3765	34074
UHGV-2185197	vOTU_3766	30550
UHGV-1362766	vOTU_3767	102748
UHGV-1366453	vOTU_3768	82220
UHGV-1708340	vOTU_3769	24785
UHGV-1444528	vOTU_3770	101987
UHGV-1824558	vOTU_3771	12014
UHGV-1940842	vOTU_3772	24381
UHGV-1765477	vOTU_3773	15623
UHGV-0112747	vOTU_3774	53558
UHGV-2016148	vOTU_3775	12911
UHGV-1469472	vOTU_3776	39845
UHGV-0342104	vOTU_3777	13383
UHGV-2202446	vOTU_3778	14498
UHGV-0153041	vOTU_3779	15347
UHGV-1465745	vOTU_3780	22779
UHGV-0390219	vOTU_3781	12644
UHGV-1403373	vOTU_3782	25201
UHGV-2175084	vOTU_3783	13655
UHGV-0131996	vOTU_3784	36533
UHGV-1780676	vOTU_3785	11180
UHGV-0089179	vOTU_3786	36418
UHGV-0059869	vOTU_3787	34473
UHGV-0167284	vOTU_3788	12837
UHGV-0976418	vOTU_3789	15723
UHGV-0388176	vOTU_3790	41317
UHGV-0171128	vOTU_3791	79232
UHGV-2164868	vOTU_3792	39827
UHGV-0123585	vOTU_3793	15232
UHGV-2111052	vOTU_3794	47819
UHGV-2124620	vOTU_3795	17640
UHGV-0869466	vOTU_3796	15593
UHGV-1996928	vOTU_3797	19427
UHGV-1482908	vOTU_3798	19439
UHGV-2075458	vOTU_3799	13967
UHGV-1462471	vOTU_3800	23854
UHGV-1632282	vOTU_3801	10637
UHGV-1467065	vOTU_3802	22453
UHGV-2009072	vOTU_3803	15218
UHGV-1905689	vOTU_3804	16475
UHGV-1439821	vOTU_3805	38479
UHGV-2073203	vOTU_3806	26285
UHGV-2095859	vOTU_3807	10559
UHGV-1931490	vOTU_3808	10600
UHGV-0122560	vOTU_3809	32520
UHGV-1773234	vOTU_3810	13863
UHGV-0170885	vOTU_3811	12708
UHGV-0063453	vOTU_3812	48102
UHGV-2159726	vOTU_3813	12611
UHGV-1319403	vOTU_3814	9999
UHGV-0209859	vOTU_3815	40710
UHGV-1670656	vOTU_3816	10120
UHGV-1939910	vOTU_3817	13042
UHGV-0171104	vOTU_3818	14826
UHGV-2166374	vOTU_3819	11790
UHGV-2165200	vOTU_3820	47318
UHGV-1427048	vOTU_3821	35674
UHGV-2078306	vOTU_3822	21429
UHGV-1373021	vOTU_3823	37756
UHGV-1361863	vOTU_3824	117649
UHGV-1809911	vOTU_3825	13799
UHGV-1773391	vOTU_3826	17236
UHGV-2208551	vOTU_3827	10220
UHGV-0390649	vOTU_3828	10882
UHGV-1497091	vOTU_3829	43850
UHGV-2186043	vOTU_3830	12894
UHGV-0046271	vOTU_3831	36155
UHGV-2051043	vOTU_3832	16458
UHGV-1676100	vOTU_3833	17579
UHGV-0390813	vOTU_3834	65721
UHGV-1594278	vOTU_3835	11695
UHGV-2119338	vOTU_3836	10271
UHGV-0138042	vOTU_3837	63835
UHGV-0070310	vOTU_3838	10071
UHGV-0194273	vOTU_3839	15900
UHGV-2118868	vOTU_3840	10741
UHGV-1816616	vOTU_3841	33466
UHGV-1943014	vOTU_3842	39735
UHGV-1533266	vOTU_3843	41788
UHGV-0199883	vOTU_3844	14064
UHGV-0132386	vOTU_3845	20427
UHGV-1518954	vOTU_3846	44138
UHGV-1470830	vOTU_3847	52686
UHGV-2151860	vOTU_3848	26949
UHGV-2026715	vOTU_3849	12103
UHGV-2162169	vOTU_3850	12766
UHGV-1874747	vOTU_3851	16389
UHGV-0070162	vOTU_3852	10663
UHGV-1710823	vOTU_3853	13941
UHGV-0107760	vOTU_3854	13232
UHGV-2111326	vOTU_3855	30422
UHGV-1671319	vOTU_3856	11191
UHGV-0099164	vOTU_3857	37392
UHGV-2127953	vOTU_3858	18660
UHGV-0169827	vOTU_3859	12541
UHGV-0197437	vOTU_3860	61891
UHGV-0261762	vOTU_3861	77502
UHGV-0190808	vOTU_3862	33970
UHGV-0146052	vOTU_3863	12054
UHGV-1796026	vOTU_3864	34663
UHGV-2062266	vOTU_3865	64286
UHGV-1880716	vOTU_3866	5813
UHGV-0026165	vOTU_3867	75287
UHGV-1785996	vOTU_3868	10009
UHGV-0095216	vOTU_3869	11503
UHGV-1846056	vOTU_3870	17528
UHGV-0263822	vOTU_3871	23854
UHGV-0085090	vOTU_3872	22528
UHGV-1932306	vOTU_3873	16242
UHGV-1939869	vOTU_3874	18791
UHGV-2026139	vOTU_3875	14037
UHGV-2075680	vOTU_3876	17702
UHGV-1824210	vOTU_3877	31054
UHGV-0395289	vOTU_3878	30979
UHGV-2010562	vOTU_3879	11534
UHGV-1746095	vOTU_3880	25277
UHGV-0133131	vOTU_3881	21848
UHGV-1745163	vOTU_3882	10848
UHGV-1523570	vOTU_3883	49797
UHGV-0123816	vOTU_3884	12923
UHGV-1882979	vOTU_3885	10669
UHGV-1676455	vOTU_3886	29245
UHGV-0038357	vOTU_3887	29162
UHGV-2216227	vOTU_3888	13898
UHGV-1362910	vOTU_3889	40040
UHGV-0081554	vOTU_3890	34980
UHGV-1918502	vOTU_3891	14168
UHGV-2142104	vOTU_3892	11521
UHGV-1785961	vOTU_3893	12479
UHGV-0142560	vOTU_3894	39695
UHGV-2026727	vOTU_3895	13488
UHGV-2160100	vOTU_3896	16810
UHGV-1983537	vOTU_3897	87511
UHGV-0074899	vOTU_3898	53115
UHGV-0094071	vOTU_3899	76136
UHGV-0881157	vOTU_3900	10201
UHGV-1345536	vOTU_3901	21872
UHGV-0083111	vOTU_3902	40094
UHGV-1798772	vOTU_3903	13775
UHGV-1703152	vOTU_3904	14330
UHGV-0057011	vOTU_3905	11282
UHGV-0079547	vOTU_3906	16524
UHGV-2048152	vOTU_3907	11051
UHGV-2226949	vOTU_3908	10937
UHGV-0069915	vOTU_3909	13377
UHGV-0001071	vOTU_3910	37457
UHGV-0204150	vOTU_3911	35570
UHGV-0113487	vOTU_3912	22210
UHGV-2060418	vOTU_3913	15203
UHGV-1607188	vOTU_3914	16745
UHGV-1837567	vOTU_3915	19837
UHGV-2151473	vOTU_3916	31916
UHGV-1576277	vOTU_3917	12079
UHGV-0111417	vOTU_3918	20575
UHGV-1802905	vOTU_3919	14772
UHGV-0176610	vOTU_3920	10322
UHGV-1437710	vOTU_3921	38460
UHGV-1824669	vOTU_3922	12293
UHGV-1735282	vOTU_3923	14084
UHGV-1995656	vOTU_3924	40853
UHGV-1636673	vOTU_3925	16237
UHGV-1489346	vOTU_3926	55853
UHGV-1389729	vOTU_3927	171273
UHGV-1947526	vOTU_3928	14676
UHGV-0323016	vOTU_3929	15851
UHGV-0459529	vOTU_3930	10140
UHGV-1362607	vOTU_3931	39587
UHGV-0473719	vOTU_3932	15122
UHGV-0076831	vOTU_3933	59799
UHGV-2048570	vOTU_3934	14898
UHGV-0115492	vOTU_3935	36493
UHGV-1778128	vOTU_3936	13844
UHGV-0167709	vOTU_3937	28009
UHGV-1955098	vOTU_3938	12560
UHGV-0333696	vOTU_3939	13558
UHGV-0278776	vOTU_3940	14371
UHGV-1641321	vOTU_3941	15676
UHGV-0234468	vOTU_3942	35985
UHGV-0299368	vOTU_3943	52456
UHGV-1618071	vOTU_3944	11405
UHGV-1529612	vOTU_3945	51317
UHGV-1870004	vOTU_3946	13186
UHGV-1626508	vOTU_3947	26033
UHGV-2007930	vOTU_3948	24739
UHGV-1783475	vOTU_3949	11147
UHGV-1414305	vOTU_3950	44988
UHGV-0204453	vOTU_3951	12407
UHGV-2115942	vOTU_3952	29088
UHGV-0264389	vOTU_3953	10900
UHGV-2209721	vOTU_3954	12521
UHGV-1623379	vOTU_3955	11549
UHGV-1943669	vOTU_3956	13681
UHGV-0275854	vOTU_3957	12111
UHGV-0216392	vOTU_3958	93448
UHGV-1548088	vOTU_3959	10202
UHGV-1940105	vOTU_3960	57058
UHGV-1515472	vOTU_3961	46977
UHGV-0370072	vOTU_3962	49769
UHGV-0392879	vOTU_3963	17617
UHGV-0106536	vOTU_3964	32078
UHGV-1785725	vOTU_3965	11105
UHGV-0168593	vOTU_3966	41841
UHGV-0226597	vOTU_3967	11154
UHGV-1504797	vOTU_3968	33508
UHGV-2218975	vOTU_3969	13401
UHGV-0096402	vOTU_3970	16141
UHGV-2174269	vOTU_3971	22538
UHGV-1699520	vOTU_3972	10894
UHGV-0103678	vOTU_3973	13753
UHGV-2014004	vOTU_3974	15185
UHGV-1345359	vOTU_3975	141019
UHGV-1797546	vOTU_3976	12928
UHGV-2158941	vOTU_3977	10680
UHGV-1982148	vOTU_3978	11308
UHGV-1771571	vOTU_3979	13863
UHGV-0110775	vOTU_3980	90105
UHGV-1142857	vOTU_3981	34461
UHGV-1636453	vOTU_3982	16414
UHGV-1901996	vOTU_3983	16293
UHGV-0251681	vOTU_3984	58645
UHGV-1505681	vOTU_3985	33514
UHGV-1982780	vOTU_3986	23223
UHGV-2173062	vOTU_3987	11743
UHGV-2133232	vOTU_3988	33129
UHGV-0052632	vOTU_3989	28978
UHGV-0121044	vOTU_3990	15867
UHGV-2006402	vOTU_3991	5968
UHGV-2212457	vOTU_3992	16072
UHGV-0044669	vOTU_3993	39124
UHGV-2136425	vOTU_3994	50825
UHGV-2084214	vOTU_3995	36264
UHGV-1632510	vOTU_3996	11359
UHGV-0077442	vOTU_3997	10578
UHGV-1377175	vOTU_3998	19309
UHGV-0176130	vOTU_3999	23310
UHGV-0113577	vOTU_4000	10055
UHGV-1389086	vOTU_4001	40331
UHGV-0195418	vOTU_4002	23150
UHGV-0360335	vOTU_4003	12351
UHGV-1537180	vOTU_4004	48019
UHGV-1772234	vOTU_4005	18262
UHGV-1423618	vOTU_4006	21784
UHGV-0087578	vOTU_4007	20567
UHGV-2107680	vOTU_4008	11678
UHGV-0140267	vOTU_4009	55818
UHGV-0100999	vOTU_4010	10517
UHGV-2138869	vOTU_4011	16219
UHGV-0144684	vOTU_4012	14063
UHGV-0482838	vOTU_4013	11860
UHGV-1410265	vOTU_4014	11478
UHGV-0106198	vOTU_4015	37148
UHGV-0058884	vOTU_4016	32013
UHGV-0175583	vOTU_4017	46138
UHGV-0252107	vOTU_4018	12365
UHGV-0101308	vOTU_4019	16221
UHGV-0193280	vOTU_4020	39349
UHGV-1672060	vOTU_4021	10986
UHGV-2128073	vOTU_4022	10157
UHGV-1345892	vOTU_4023	37064
UHGV-1626465	vOTU_4024	12228
UHGV-0338553	vOTU_4025	33666
UHGV-1403794	vOTU_4026	10333
UHGV-0003001	vOTU_4027	61750
UHGV-0196742	vOTU_4028	17417
UHGV-0173430	vOTU_4029	13206
UHGV-1377050	vOTU_4030	43565
UHGV-2095945	vOTU_4031	20905
UHGV-1339069	vOTU_4032	5188
UHGV-0155089	vOTU_4033	19921
UHGV-2004108	vOTU_4034	43962
UHGV-1373233	vOTU_4035	45346
UHGV-0390155	vOTU_4036	45088
UHGV-2124380	vOTU_4037	46124
UHGV-1477482	vOTU_4038	31720
UHGV-1934175	vOTU_4039	11882
UHGV-1681482	vOTU_4040	26983
UHGV-0194236	vOTU_4041	10884
UHGV-1695080	vOTU_4042	10799
UHGV-1955570	vOTU_4043	30570
UHGV-1933187	vOTU_4044	11163
UHGV-0253196	vOTU_4045	82053
UHGV-1354732	vOTU_4046	41923
UHGV-0209084	vOTU_4047	32230
UHGV-0169093	vOTU_4048	18081
UHGV-0209074	vOTU_4049	38341
UHGV-2025322	vOTU_4050	26342
UHGV-0213425	vOTU_4051	11209
UHGV-1881873	vOTU_4052	27212
UHGV-1372778	vOTU_4053	185826
UHGV-0265906	vOTU_4054	84117
UHGV-2076644	vOTU_4055	42289
UHGV-0061962	vOTU_4056	12448
UHGV-1460610	vOTU_4057	14877
UHGV-0183720	vOTU_4058	46847
UHGV-2088474	vOTU_4059	27133
UHGV-1455817	vOTU_4060	15300
UHGV-1294623	vOTU_4061	18154
UHGV-0202660	vOTU_4062	21663
UHGV-0367036	vOTU_4063	113508
UHGV-2110474	vOTU_4064	40653
UHGV-0253218	vOTU_4065	21534
UHGV-0287950	vOTU_4066	32592
UHGV-1719619	vOTU_4067	37108
UHGV-2219745	vOTU_4068	10452
UHGV-1975717	vOTU_4069	9646
UHGV-2048770	vOTU_4070	16640
UHGV-0336022	vOTU_4071	50176
UHGV-0166435	vOTU_4072	30722
UHGV-2031499	vOTU_4073	12640
UHGV-0368139	vOTU_4074	14378
UHGV-0128615	vOTU_4075	37806
UHGV-0233834	vOTU_4076	15878
UHGV-0383559	vOTU_4077	40238
UHGV-2219808	vOTU_4078	17958
UHGV-1545576	vOTU_4079	10094
UHGV-1692542	vOTU_4080	18965
UHGV-1400069	vOTU_4081	29642
UHGV-1315415	vOTU_4082	27444
UHGV-1341362	vOTU_4083	30387
UHGV-0139530	vOTU_4084	29043
UHGV-1662514	vOTU_4085	18410
UHGV-0356269	vOTU_4086	183719
UHGV-1979038	vOTU_4087	45566
UHGV-0206966	vOTU_4088	32162
UHGV-1563022	vOTU_4089	12039
UHGV-2156536	vOTU_4090	23059
UHGV-0266845	vOTU_4091	31696
UHGV-1456259	vOTU_4092	51651
UHGV-1971955	vOTU_4093	24511
UHGV-0082757	vOTU_4094	12373
UHGV-1660272	vOTU_4095	11215
UHGV-0038896	vOTU_4096	37759
UHGV-0267638	vOTU_4097	43713
UHGV-2021059	vOTU_4098	12017
UHGV-1928824	vOTU_4099	21024
UHGV-0198406	vOTU_4100	31957
UHGV-2064650	vOTU_4101	10004
UHGV-0049164	vOTU_4102	14939
UHGV-2077458	vOTU_4103	39838
UHGV-1861083	vOTU_4104	24270
UHGV-1611489	vOTU_4105	10600
UHGV-1915644	vOTU_4106	14456
UHGV-2078862	vOTU_4107	10192
UHGV-1903376	vOTU_4108	51154
UHGV-2089569	vOTU_4109	19371
UHGV-1341566	vOTU_4110	16298
UHGV-2140322	vOTU_4111	12581
UHGV-1922662	vOTU_4112	14509
UHGV-0178365	vOTU_4113	42064
UHGV-0078533	vOTU_4114	11581
UHGV-1565900	vOTU_4115	11896
UHGV-0112643	vOTU_4116	11110
UHGV-0225384	vOTU_4117	11280
UHGV-2089228	vOTU_4118	15041
UHGV-0116531	vOTU_4119	19111
UHGV-2228832	vOTU_4120	12237
UHGV-0089891	vOTU_4121	10982
UHGV-1372296	vOTU_4122	42742
UHGV-1832797	vOTU_4123	10465
UHGV-2112572	vOTU_4124	10897
UHGV-1377654	vOTU_4125	22130
UHGV-1829389	vOTU_4126	12045
UHGV-0828421	vOTU_4127	43384
UHGV-0174226	vOTU_4128	12501
UHGV-2151623	vOTU_4129	64384
UHGV-0343755	vOTU_4130	11465
UHGV-2152599	vOTU_4131	67582
UHGV-2038563	vOTU_4132	16430
UHGV-1702324	vOTU_4133	10902
UHGV-1993482	vOTU_4134	54822
UHGV-0080716	vOTU_4135	28644
UHGV-1524131	vOTU_4136	46321
UHGV-1876472	vOTU_4137	17462
UHGV-0385458	vOTU_4138	34720
UHGV-0125238	vOTU_4139	10797
UHGV-1660423	vOTU_4140	10155
UHGV-2188252	vOTU_4141	34153
UHGV-2223394	vOTU_4142	10725
UHGV-0122859	vOTU_4143	15586
UHGV-2148239	vOTU_4144	12977
UHGV-0122296	vOTU_4145	10672
UHGV-1694595	vOTU_4146	20106
UHGV-0119517	vOTU_4147	13408
UHGV-2101950	vOTU_4148	13663
UHGV-0044076	vOTU_4149	10317
UHGV-2034618	vOTU_4150	16223
UHGV-0134450	vOTU_4151	17676
UHGV-1710323	vOTU_4152	28233
UHGV-1745077	vOTU_4153	25441
UHGV-1605192	vOTU_4154	63953
UHGV-1999796	vOTU_4155	42285
UHGV-2017659	vOTU_4156	11086
UHGV-1959083	vOTU_4157	10529
UHGV-2006555	vOTU_4158	30974
UHGV-0027781	vOTU_4159	40290
UHGV-1706685	vOTU_4160	10937
UHGV-0230181	vOTU_4161	14521
UHGV-2124566	vOTU_4162	33966
UHGV-0205362	vOTU_4163	45805
UHGV-1606149	vOTU_4164	11797
UHGV-1736937	vOTU_4165	15056
UHGV-1991963	vOTU_4166	63445
UHGV-1720423	vOTU_4167	10534
UHGV-0068915	vOTU_4168	16774
UHGV-2052074	vOTU_4169	15347
UHGV-0261155	vOTU_4170	14229
UHGV-1362695	vOTU_4171	40305
UHGV-0207491	vOTU_4172	12619
UHGV-0129140	vOTU_4173	24223
UHGV-1615748	vOTU_4174	40889
UHGV-0390998	vOTU_4175	12973
UHGV-0232182	vOTU_4176	30445
UHGV-1594766	vOTU_4177	11684
UHGV-1373250	vOTU_4178	106103
UHGV-1375911	vOTU_4179	46154
UHGV-1771421	vOTU_4180	13583
UHGV-1579057	vOTU_4181	11749
UHGV-0203920	vOTU_4182	12954
UHGV-1705425	vOTU_4183	23141
UHGV-0052372	vOTU_4184	11374
UHGV-1764625	vOTU_4185	15263
UHGV-1920812	vOTU_4186	14369
UHGV-0328987	vOTU_4187	24512
UHGV-1617873	vOTU_4188	11650
UHGV-1521867	vOTU_4189	42225
UHGV-0055978	vOTU_4190	11014
UHGV-0051673	vOTU_4191	14813
UHGV-1842298	vOTU_4192	13713
UHGV-0720418	vOTU_4193	23618
UHGV-1698052	vOTU_4194	19005
UHGV-0117462	vOTU_4195	54239
UHGV-1614087	vOTU_4196	11385
UHGV-1628037	vOTU_4197	27249
UHGV-1779355	vOTU_4198	12603
UHGV-1535658	vOTU_4199	19233
UHGV-1643476	vOTU_4200	14616
UHGV-2044292	vOTU_4201	12877
UHGV-2147925	vOTU_4202	10607
UHGV-0189816	vOTU_4203	29485
UHGV-1380390	vOTU_4204	13635
UHGV-0083471	vOTU_4205	36307
UHGV-1933689	vOTU_4206	33812
UHGV-1769542	vOTU_4207	15720
UHGV-1938770	vOTU_4208	25381
UHGV-2134050	vOTU_4209	16868
UHGV-2012358	vOTU_4210	78511
UHGV-0217732	vOTU_4211	6708
UHGV-1372556	vOTU_4212	36229
UHGV-0060811	vOTU_4213	16741
UHGV-0135642	vOTU_4214	23197
UHGV-0362175	vOTU_4215	39395
UHGV-1962020	vOTU_4216	28905
UHGV-1411443	vOTU_4217	15481
UHGV-2052071	vOTU_4218	14722
UHGV-1654859	vOTU_4219	14110
UHGV-0042131	vOTU_4220	11907
UHGV-1974794	vOTU_4221	38578
UHGV-0071493	vOTU_4222	34314
UHGV-2021001	vOTU_4223	11511
UHGV-0030982	vOTU_4224	36989
UHGV-1506792	vOTU_4225	37629
UHGV-0113327	vOTU_4226	16624
UHGV-2220022	vOTU_4227	10304
UHGV-1990513	vOTU_4228	47046
UHGV-0166226	vOTU_4229	18860
UHGV-0168952	vOTU_4230	23882
UHGV-0071587	vOTU_4231	21442
UHGV-0133243	vOTU_4232	35736
UHGV-0091700	vOTU_4233	13790
UHGV-0353273	vOTU_4234	15317
UHGV-2160991	vOTU_4235	13208
UHGV-1475891	vOTU_4236	17370
UHGV-1503379	vOTU_4237	15790
UHGV-2179762	vOTU_4238	10515
UHGV-0118953	vOTU_4239	10585
UHGV-0160389	vOTU_4240	10032
UHGV-1788921	vOTU_4241	12406
UHGV-1931542	vOTU_4242	11667
UHGV-1483873	vOTU_4243	16532
UHGV-2127592	vOTU_4244	17309
UHGV-0158298	vOTU_4245	11910
UHGV-0291139	vOTU_4246	10468
UHGV-1475015	vOTU_4247	77067
UHGV-2193272	vOTU_4248	10624
UHGV-2163366	vOTU_4249	14780
UHGV-0150775	vOTU_4250	26491
UHGV-0356685	vOTU_4251	4646
UHGV-1986270	vOTU_4252	10409
UHGV-0080036	vOTU_4253	40876
UHGV-2033541	vOTU_4254	55946
UHGV-1659928	vOTU_4255	16807
UHGV-2189682	vOTU_4256	12397
UHGV-1499425	vOTU_4257	12752
UHGV-1662186	vOTU_4258	16816
UHGV-1831785	vOTU_4259	15828
UHGV-1544822	vOTU_4260	96329
UHGV-0370480	vOTU_4261	41514
UHGV-0259696	vOTU_4262	20132
UHGV-1931035	vOTU_4263	4132
UHGV-1928682	vOTU_4264	10336
UHGV-0001287	vOTU_4265	13671
UHGV-2124036	vOTU_4266	3477
UHGV-1692607	vOTU_4267	10887
UHGV-1682826	vOTU_4268	17504
UHGV-1581708	vOTU_4269	11773
UHGV-0080671	vOTU_4270	11115
UHGV-1674332	vOTU_4271	24456
UHGV-0223719	vOTU_4272	13972
UHGV-1489257	vOTU_4273	89447
UHGV-1390139	vOTU_4274	11956
UHGV-0338049	vOTU_4275	52331
UHGV-2207452	vOTU_4276	10141
UHGV-0055307	vOTU_4277	30494
UHGV-1489727	vOTU_4278	12598
UHGV-1553254	vOTU_4279	11395
UHGV-0109143	vOTU_4280	35390
UHGV-1602370	vOTU_4281	22126
UHGV-2103126	vOTU_4282	11107
UHGV-2120020	vOTU_4283	15357
UHGV-0068261	vOTU_4284	20314
UHGV-0174694	vOTU_4285	14464
UHGV-0386940	vOTU_4286	10273
UHGV-0314326	vOTU_4287	33999
UHGV-0057439	vOTU_4288	23376
UHGV-1402521	vOTU_4289	66641
UHGV-1393658	vOTU_4290	32034
UHGV-1828206	vOTU_4291	12095
UHGV-2170308	vOTU_4292	10198
UHGV-0328809	vOTU_4293	62556
UHGV-0169213	vOTU_4294	18560
UHGV-0129870	vOTU_4295	46491
UHGV-0198997	vOTU_4296	12652
UHGV-2037337	vOTU_4297	51284
UHGV-1339836	vOTU_4298	37454
UHGV-2119165	vOTU_4299	36457
UHGV-0319197	vOTU_4300	50320
UHGV-1858895	vOTU_4301	82955
UHGV-1392742	vOTU_4302	59550
UHGV-0050746	vOTU_4303	11256
UHGV-2005434	vOTU_4304	22850
UHGV-1635938	vOTU_4305	16412
UHGV-0161922	vOTU_4306	11136
UHGV-2008356	vOTU_4307	15567
UHGV-0197818	vOTU_4308	30673
UHGV-1879774	vOTU_4309	15329
UHGV-1958037	vOTU_4310	18457
UHGV-1966780	vOTU_4311	16335
UHGV-2145041	vOTU_4312	13007
UHGV-0384774	vOTU_4313	20631
UHGV-2078223	vOTU_4314	16003
UHGV-1813800	vOTU_4315	12828
UHGV-1435203	vOTU_4316	53871
UHGV-2125011	vOTU_4317	59258
UHGV-1533528	vOTU_4318	82459
UHGV-0192044	vOTU_4319	19370
UHGV-0277667	vOTU_4320	13978
UHGV-0095364	vOTU_4321	63694
UHGV-1558909	vOTU_4322	10046
UHGV-1721187	vOTU_4323	59150
UHGV-2211912	vOTU_4324	18647
UHGV-0075801	vOTU_4325	17137
UHGV-0174797	vOTU_4326	11911
UHGV-2019552	vOTU_4327	11529
UHGV-0079704	vOTU_4328	10502
UHGV-2123305	vOTU_4329	41235
UHGV-0115328	vOTU_4330	34397
UHGV-1884677	vOTU_4331	10334
UHGV-1950934	vOTU_4332	23925
UHGV-0151051	vOTU_4333	33858
UHGV-1798083	vOTU_4334	15865
UHGV-0305805	vOTU_4335	14115
UHGV-1961596	vOTU_4336	17972
UHGV-1808352	vOTU_4337	47084
UHGV-1820034	vOTU_4338	52673
UHGV-1730143	vOTU_4339	14723
UHGV-1390243	vOTU_4340	49335
UHGV-0134900	vOTU_4341	17105
UHGV-2226140	vOTU_4342	10761
UHGV-2109517	vOTU_4343	23013
UHGV-0054585	vOTU_4344	17675
UHGV-1428759	vOTU_4345	112138
UHGV-0392554	vOTU_4346	25097
UHGV-1666109	vOTU_4347	10167
UHGV-0126817	vOTU_4348	20691
UHGV-1405772	vOTU_4349	11646
UHGV-0159897	vOTU_4350	51432
UHGV-2096987	vOTU_4351	18386
UHGV-1853170	vOTU_4352	12954
UHGV-1886479	vOTU_4353	17146
UHGV-1919254	vOTU_4354	13459
UHGV-0182154	vOTU_4355	13385
UHGV-1482624	vOTU_4356	27937
UHGV-1752142	vOTU_4357	10604
UHGV-0165922	vOTU_4358	11280
UHGV-2203582	vOTU_4359	40214
UHGV-0207191	vOTU_4360	23848
UHGV-2169924	vOTU_4361	20791
UHGV-0113337	vOTU_4362	37155
UHGV-0140522	vOTU_4363	110100
UHGV-1100576	vOTU_4364	13861
UHGV-2047606	vOTU_4365	18377
UHGV-1835107	vOTU_4366	17357
UHGV-1572989	vOTU_4367	16372
UHGV-0077731	vOTU_4368	14805
UHGV-0036870	vOTU_4369	38869
UHGV-2076390	vOTU_4370	17859
UHGV-1681499	vOTU_4371	12808
UHGV-1385303	vOTU_4372	17027
UHGV-1798640	vOTU_4373	15055
UHGV-0044165	vOTU_4374	35288
UHGV-1998859	vOTU_4375	15866
UHGV-1385951	vOTU_4376	11689
UHGV-0321984	vOTU_4377	39521
UHGV-1493181	vOTU_4378	28200
UHGV-1791102	vOTU_4379	11181
UHGV-1973012	vOTU_4380	12680
UHGV-2110081	vOTU_4381	15792
UHGV-1939799	vOTU_4382	13551
UHGV-1444040	vOTU_4383	37660
UHGV-2192895	vOTU_4384	13247
UHGV-1497974	vOTU_4385	25697
UHGV-1457358	vOTU_4386	84581
UHGV-1592679	vOTU_4387	11910
UHGV-0391781	vOTU_4388	27351
UHGV-1655181	vOTU_4389	10158
UHGV-0388834	vOTU_4390	34564
UHGV-0301998	vOTU_4391	13080
UHGV-1551245	vOTU_4392	41355
UHGV-2108186	vOTU_4393	12902
UHGV-0077705	vOTU_4394	12410
UHGV-0189556	vOTU_4395	14416
UHGV-0036641	vOTU_4396	95586
UHGV-0137108	vOTU_4397	19490
UHGV-2164717	vOTU_4398	21138
UHGV-1688462	vOTU_4399	10717
UHGV-0944343	vOTU_4400	19420
UHGV-0240249	vOTU_4401	8604
UHGV-0087138	vOTU_4402	101978
UHGV-1753266	vOTU_4403	29026
UHGV-1742950	vOTU_4404	13567
UHGV-2171263	vOTU_4405	20748
UHGV-1857184	vOTU_4406	47680
UHGV-1537474	vOTU_4407	43512
UHGV-0371761	vOTU_4408	12619
UHGV-0284242	vOTU_4409	110094
UHGV-1868585	vOTU_4410	13064
UHGV-0014334	vOTU_4411	40769
UHGV-0262977	vOTU_4412	12288
UHGV-1808275	vOTU_4413	13665
UHGV-1619374	vOTU_4414	10550
UHGV-1921254	vOTU_4415	38094
UHGV-1888793	vOTU_4416	41011
UHGV-1646506	vOTU_4417	13444
UHGV-1952747	vOTU_4418	11442
UHGV-1450603	vOTU_4419	44909
UHGV-0231963	vOTU_4420	19938
UHGV-2006954	vOTU_4421	12424
UHGV-2197563	vOTU_4422	15706
UHGV-0336763	vOTU_4423	28650
UHGV-2104953	vOTU_4424	12071
UHGV-1815201	vOTU_4425	16034
UHGV-1518637	vOTU_4426	50272
UHGV-0038347	vOTU_4427	45007
UHGV-1615442	vOTU_4428	25087
UHGV-1660619	vOTU_4429	16955
UHGV-0143778	vOTU_4430	43579
UHGV-0212593	vOTU_4431	55241
UHGV-0139424	vOTU_4432	66804
UHGV-0139404	vOTU_4433	72855
UHGV-0211663	vOTU_4434	13079
UHGV-0048274	vOTU_4435	16695
UHGV-0057390	vOTU_4436	29939
UHGV-2200247	vOTU_4437	27834
UHGV-0139715	vOTU_4438	13211
UHGV-0721110	vOTU_4439	4013
UHGV-0263602	vOTU_4440	10965
UHGV-2092986	vOTU_4441	10459
UHGV-1726331	vOTU_4442	44007
UHGV-1992975	vOTU_4443	10555
UHGV-2071303	vOTU_4444	38848
UHGV-2162619	vOTU_4445	14096
UHGV-1723308	vOTU_4446	12982
UHGV-2008798	vOTU_4447	27972
UHGV-1442431	vOTU_4448	51250
UHGV-2201521	vOTU_4449	11096
UHGV-1508554	vOTU_4450	28526
UHGV-0132603	vOTU_4451	33012
UHGV-1943790	vOTU_4452	17174
UHGV-0087279	vOTU_4453	44224
UHGV-2073985	vOTU_4454	15625
UHGV-1783591	vOTU_4455	12362
UHGV-0252277	vOTU_4456	32040
UHGV-1942334	vOTU_4457	18882
UHGV-1390911	vOTU_4458	11674
UHGV-1388525	vOTU_4459	30365
UHGV-0063583	vOTU_4460	11079
UHGV-0190010	vOTU_4461	14950
UHGV-0195087	vOTU_4462	33322
UHGV-0262852	vOTU_4463	13339
UHGV-1672789	vOTU_4464	27232
UHGV-0044572	vOTU_4465	11387
UHGV-1245484	vOTU_4466	12283
UHGV-2081552	vOTU_4467	18988
UHGV-1962685	vOTU_4468	12771
UHGV-1943703	vOTU_4469	20033
UHGV-2081759	vOTU_4470	10908
UHGV-1950944	vOTU_4471	32123
UHGV-2138007	vOTU_4472	20748
UHGV-1509120	vOTU_4473	33698
UHGV-1581423	vOTU_4474	11536
UHGV-1740554	vOTU_4475	15148
UHGV-1433071	vOTU_4476	30959
UHGV-1637188	vOTU_4477	16232
UHGV-1947673	vOTU_4478	12878
UHGV-2118029	vOTU_4479	24285
UHGV-1634763	vOTU_4480	14317
UHGV-1469717	vOTU_4481	102172
UHGV-0095639	vOTU_4482	31449
UHGV-0085613	vOTU_4483	13397
UHGV-1561555	vOTU_4484	23434
UHGV-0386280	vOTU_4485	39237
UHGV-0386242	vOTU_4486	37300
UHGV-1816011	vOTU_4487	12072
UHGV-0120823	vOTU_4488	18375
UHGV-1386629	vOTU_4489	178602
UHGV-1410812	vOTU_4490	14449
UHGV-2034183	vOTU_4491	10174
UHGV-2001523	vOTU_4492	14957
UHGV-0087248	vOTU_4493	19306
UHGV-1342719	vOTU_4494	37537
UHGV-0056651	vOTU_4495	61113
UHGV-1768965	vOTU_4496	18285
UHGV-1832003	vOTU_4497	13014
UHGV-1347070	vOTU_4498	16893
UHGV-1386422	vOTU_4499	11722
UHGV-0061734	vOTU_4500	43115
UHGV-0050554	vOTU_4501	21279
UHGV-1904660	vOTU_4502	14045
UHGV-0112125	vOTU_4503	36952
UHGV-1534586	vOTU_4504	81337
UHGV-0166702	vOTU_4505	18995
UHGV-2096348	vOTU_4506	17582
UHGV-0162268	vOTU_4507	23525
UHGV-0188418	vOTU_4508	57591
UHGV-1374189	vOTU_4509	37556
UHGV-2182904	vOTU_4510	12944
UHGV-1374184	vOTU_4511	62629
UHGV-0066677	vOTU_4512	35944
UHGV-2147587	vOTU_4513	12308
UHGV-1453545	vOTU_4514	48086
UHGV-1616698	vOTU_4515	10412
UHGV-0294185	vOTU_4516	60507
UHGV-1649961	vOTU_4517	11133
UHGV-0191255	vOTU_4518	29129
UHGV-1484349	vOTU_4519	16633
UHGV-1979170	vOTU_4520	28124
UHGV-0087521	vOTU_4521	53711
UHGV-2123124	vOTU_4522	26564
UHGV-1506598	vOTU_4523	33375
UHGV-0158235	vOTU_4524	22310
UHGV-0339650	vOTU_4525	42762
UHGV-0070307	vOTU_4526	27112
UHGV-0186781	vOTU_4527	30551
UHGV-0000463	vOTU_4528	39654
UHGV-1873043	vOTU_4529	16663
UHGV-0255009	vOTU_4530	70627
UHGV-2206626	vOTU_4531	4991
UHGV-1939674	vOTU_4532	17407
UHGV-2092279	vOTU_4533	18521
UHGV-1951076	vOTU_4534	12160
UHGV-1876380	vOTU_4535	10209
UHGV-2104105	vOTU_4536	10649
UHGV-0046883	vOTU_4537	43092
UHGV-0141265	vOTU_4538	15386
UHGV-0166366	vOTU_4539	12772
UHGV-1866771	vOTU_4540	10462
UHGV-0153135	vOTU_4541	35231
UHGV-0196311	vOTU_4542	42042
UHGV-2110439	vOTU_4543	10382
UHGV-2147083	vOTU_4544	13201
UHGV-1937050	vOTU_4545	13180
UHGV-2029064	vOTU_4546	11674
UHGV-1319405	vOTU_4547	10252
UHGV-0390927	vOTU_4548	38521
UHGV-1870274	vOTU_4549	33608
UHGV-0166388	vOTU_4550	42336
UHGV-1446004	vOTU_4551	36963
UHGV-0080331	vOTU_4552	30200
UHGV-1629504	vOTU_4553	10573
UHGV-2164095	vOTU_4554	72647
UHGV-0170264	vOTU_4555	21725
UHGV-1334772	vOTU_4556	11949
UHGV-1710475	vOTU_4557	28296
UHGV-2184619	vOTU_4558	17028
UHGV-0023655	vOTU_4559	5334
UHGV-0209330	vOTU_4560	28791
UHGV-0076885	vOTU_4561	15117
UHGV-1945158	vOTU_4562	33525
UHGV-0295649	vOTU_4563	38374
UHGV-1951182	vOTU_4564	21354
UHGV-2142811	vOTU_4565	39400
UHGV-0165248	vOTU_4566	16819
UHGV-0383890	vOTU_4567	43893
UHGV-2044920	vOTU_4568	44475
UHGV-1634344	vOTU_4569	16256
UHGV-0062605	vOTU_4570	29408
UHGV-0157024	vOTU_4571	30680
UHGV-0146785	vOTU_4572	40225
UHGV-2042299	vOTU_4573	13719
UHGV-1620620	vOTU_4574	13396
UHGV-1943506	vOTU_4575	11590
UHGV-2156326	vOTU_4576	13051
UHGV-1938686	vOTU_4577	8874
UHGV-1606728	vOTU_4578	33022
UHGV-2173259	vOTU_4579	13081
UHGV-1950734	vOTU_4580	9091
UHGV-1505969	vOTU_4581	33391
UHGV-1416606	vOTU_4582	14720
UHGV-1395040	vOTU_4583	16899
UHGV-0056169	vOTU_4584	38724
UHGV-1939085	vOTU_4585	25932
UHGV-1428456	vOTU_4586	23215
UHGV-2123074	vOTU_4587	35699
UHGV-1966645	vOTU_4588	14152
UHGV-1655659	vOTU_4589	10213
UHGV-0232893	vOTU_4590	27103
UHGV-1982426	vOTU_4591	12658
UHGV-0171968	vOTU_4592	45219
UHGV-1454531	vOTU_4593	47815
UHGV-1778941	vOTU_4594	19434
UHGV-1671588	vOTU_4595	11087
UHGV-0293486	vOTU_4596	37473
UHGV-0088099	vOTU_4597	10617
UHGV-1470962	vOTU_4598	39925
UHGV-1374860	vOTU_4599	37159
UHGV-0137430	vOTU_4600	29504
UHGV-2168965	vOTU_4601	14987
UHGV-2186491	vOTU_4602	11638
UHGV-2153031	vOTU_4603	36067
UHGV-1631822	vOTU_4604	12402
UHGV-1945091	vOTU_4605	12106
UHGV-0312889	vOTU_4606	16958
UHGV-2170971	vOTU_4607	13365
UHGV-1397644	vOTU_4608	110972
UHGV-1685362	vOTU_4609	27145
UHGV-1452991	vOTU_4610	46233
UHGV-1935474	vOTU_4611	10804
UHGV-2054934	vOTU_4612	11479
UHGV-1425895	vOTU_4613	11158
UHGV-0210943	vOTU_4614	39913
UHGV-2151068	vOTU_4615	10730
UHGV-0146673	vOTU_4616	64948
UHGV-1803787	vOTU_4617	15077
UHGV-2177513	vOTU_4618	12248
UHGV-0181696	vOTU_4619	35150
UHGV-1996118	vOTU_4620	21300
UHGV-1533004	vOTU_4621	22651
UHGV-0416655	vOTU_4622	21613
UHGV-0095019	vOTU_4623	23694
UHGV-0088652	vOTU_4624	11727
UHGV-1747425	vOTU_4625	10716
UHGV-2235393	vOTU_4626	27708
UHGV-2121043	vOTU_4627	17305
UHGV-1823596	vOTU_4628	12309
UHGV-1421019	vOTU_4629	23064
UHGV-1344460	vOTU_4630	19918
UHGV-1944258	vOTU_4631	13218
UHGV-1455890	vOTU_4632	45903
UHGV-1357474	vOTU_4633	46355
UHGV-1415212	vOTU_4634	16257
UHGV-1552601	vOTU_4635	42718
UHGV-0190456	vOTU_4636	14967
UHGV-1633033	vOTU_4637	26166
UHGV-0146329	vOTU_4638	12547
UHGV-0346852	vOTU_4639	18311
UHGV-1617038	vOTU_4640	10522
UHGV-1767366	vOTU_4641	13900
UHGV-2141613	vOTU_4642	39803
UHGV-2121557	vOTU_4643	28059
UHGV-0109841	vOTU_4644	29426
UHGV-0116732	vOTU_4645	20811
UHGV-2017022	vOTU_4646	17560
UHGV-0158587	vOTU_4647	24887
UHGV-1584052	vOTU_4648	11861
UHGV-0335173	vOTU_4649	29692
UHGV-0085889	vOTU_4650	10242
UHGV-2067261	vOTU_4651	10223
UHGV-1631514	vOTU_4652	25749
UHGV-2108798	vOTU_4653	15000
UHGV-1768536	vOTU_4654	17378
UHGV-1780602	vOTU_4655	12501
UHGV-1842523	vOTU_4656	17949
UHGV-2177475	vOTU_4657	14028
UHGV-0382634	vOTU_4658	27372
UHGV-2229842	vOTU_4659	10374
UHGV-0168904	vOTU_4660	34418
UHGV-2101706	vOTU_4661	11881
UHGV-1724937	vOTU_4662	14130
UHGV-0130978	vOTU_4663	45474
UHGV-0442988	vOTU_4664	15588
UHGV-0257504	vOTU_4665	18938
UHGV-1404877	vOTU_4666	11376
UHGV-1443977	vOTU_4667	74067
UHGV-1318233	vOTU_4668	54993
UHGV-0035239	vOTU_4669	194686
UHGV-1818665	vOTU_4670	12085
UHGV-2052674	vOTU_4671	16093
UHGV-1449427	vOTU_4672	37297
UHGV-2161874	vOTU_4673	36384
UHGV-1936991	vOTU_4674	13226
UHGV-2147766	vOTU_4675	36866
UHGV-2220677	vOTU_4676	10162
UHGV-0319289	vOTU_4677	39449
UHGV-1781974	vOTU_4678	12469
UHGV-1504776	vOTU_4679	30672
UHGV-1943521	vOTU_4680	10019
UHGV-2127823	vOTU_4681	10841
UHGV-1841817	vOTU_4682	24694
UHGV-2078899	vOTU_4683	11731
UHGV-0256332	vOTU_4684	13774
UHGV-2105876	vOTU_4685	15050
UHGV-1749950	vOTU_4686	20579
UHGV-2102713	vOTU_4687	14102
UHGV-0087312	vOTU_4688	10753
UHGV-2025646	vOTU_4689	14533
UHGV-1415850	vOTU_4690	16234
UHGV-1364175	vOTU_4691	55122
UHGV-0215104	vOTU_4692	16146
UHGV-1947685	vOTU_4693	19288
UHGV-1369789	vOTU_4694	53788
UHGV-1603843	vOTU_4695	21975
UHGV-1591128	vOTU_4696	53519
UHGV-1675151	vOTU_4697	35855
UHGV-0055930	vOTU_4698	44920
UHGV-1920950	vOTU_4699	10665
UHGV-1661499	vOTU_4700	10052
UHGV-2092330	vOTU_4701	10344
UHGV-0047009	vOTU_4702	16039
UHGV-1621571	vOTU_4703	11362
UHGV-2070201	vOTU_4704	11410
UHGV-0370005	vOTU_4705	35130
UHGV-2149282	vOTU_4706	14486
UHGV-1619964	vOTU_4707	10640
UHGV-0171112	vOTU_4708	17797
UHGV-2199641	vOTU_4709	23115
UHGV-2136561	vOTU_4710	12482
UHGV-0079936	vOTU_4711	13796
UHGV-0218523	vOTU_4712	22743
UHGV-0087311	vOTU_4713	20079
UHGV-0266865	vOTU_4714	10774
UHGV-1921336	vOTU_4715	11394
UHGV-1812137	vOTU_4716	15084
UHGV-1902772	vOTU_4717	14757
UHGV-0271825	vOTU_4718	16147
UHGV-1564087	vOTU_4719	19332
UHGV-0101462	vOTU_4720	12760
UHGV-1333871	vOTU_4721	29583
UHGV-0203436	vOTU_4722	34088
UHGV-0163260	vOTU_4723	14572
UHGV-1800769	vOTU_4724	13029
UHGV-0414403	vOTU_4725	14574
UHGV-1965985	vOTU_4726	7410
UHGV-2241787	vOTU_4727	13993
UHGV-1849227	vOTU_4728	12025
UHGV-0397518	vOTU_4729	12274
UHGV-1720234	vOTU_4730	13072
UHGV-0133100	vOTU_4731	14653
UHGV-0065002	vOTU_4732	34653
UHGV-2042118	vOTU_4733	20913
UHGV-1831995	vOTU_4734	12291
UHGV-2107671	vOTU_4735	10419
UHGV-1390702	vOTU_4736	31312
UHGV-1622101	vOTU_4737	12366
UHGV-2144575	vOTU_4738	37839
UHGV-2106263	vOTU_4739	14126
UHGV-1523934	vOTU_4740	22699
UHGV-1440176	vOTU_4741	32252
UHGV-2143914	vOTU_4742	11102
UHGV-0148577	vOTU_4743	10797
UHGV-2171088	vOTU_4744	12602
UHGV-0388726	vOTU_4745	16057
UHGV-0104459	vOTU_4746	11701
UHGV-0188650	vOTU_4747	10850
UHGV-1396550	vOTU_4748	19146
UHGV-1359280	vOTU_4749	41948
UHGV-1541013	vOTU_4750	41415
UHGV-2038333	vOTU_4751	34347
UHGV-2217582	vOTU_4752	10953
UHGV-2066732	vOTU_4753	12247
UHGV-0089570	vOTU_4754	32721
UHGV-1771968	vOTU_4755	18279
UHGV-0073556	vOTU_4756	19236
UHGV-0182153	vOTU_4757	34583
UHGV-1944191	vOTU_4758	15299
UHGV-0011477	vOTU_4759	40537
UHGV-1420571	vOTU_4760	23127
UHGV-0184658	vOTU_4761	12803
UHGV-1511698	vOTU_4762	38366
UHGV-1868401	vOTU_4763	13819
UHGV-0221305	vOTU_4764	17119
UHGV-0013040	vOTU_4765	42061
UHGV-0191038	vOTU_4766	15400
UHGV-1292706	vOTU_4767	37191
UHGV-1995963	vOTU_4768	10969
UHGV-1413939	vOTU_4769	16303
UHGV-0119254	vOTU_4770	60791
UHGV-0180647	vOTU_4771	16214
UHGV-2165382	vOTU_4772	11198
UHGV-1399111	vOTU_4773	6920
UHGV-1414144	vOTU_4774	16253
UHGV-1653083	vOTU_4775	21835
UHGV-1581669	vOTU_4776	17112
UHGV-1372190	vOTU_4777	18722
UHGV-0343432	vOTU_4778	85376
UHGV-0092943	vOTU_4779	16189
UHGV-0174843	vOTU_4780	10809
UHGV-1618589	vOTU_4781	10575
UHGV-1349585	vOTU_4782	52186
UHGV-0040942	vOTU_4783	42268
UHGV-2021751	vOTU_4784	26627
UHGV-1936357	vOTU_4785	21824
UHGV-1459808	vOTU_4786	26958
UHGV-1595146	vOTU_4787	17105
UHGV-1543867	vOTU_4788	32755
UHGV-1375651	vOTU_4789	37720
UHGV-0311195	vOTU_4790	39653
UHGV-2135632	vOTU_4791	10970
UHGV-0045345	vOTU_4792	21184
UHGV-1515738	vOTU_4793	45723
UHGV-0089044	vOTU_4794	42537
UHGV-0286728	vOTU_4795	65419
UHGV-1584008	vOTU_4796	11863
UHGV-0082532	vOTU_4797	11522
UHGV-1586342	vOTU_4798	11705
UHGV-1835975	vOTU_4799	33948
UHGV-1763847	vOTU_4800	16510
UHGV-1934665	vOTU_4801	15315
UHGV-1703805	vOTU_4802	17246
UHGV-0010853	vOTU_4803	37423
UHGV-0044466	vOTU_4804	24905
UHGV-1515950	vOTU_4805	34534
UHGV-2067491	vOTU_4806	14684
UHGV-0354757	vOTU_4807	19198
UHGV-0119510	vOTU_4808	16408
UHGV-0197112	vOTU_4809	15025
UHGV-2189749	vOTU_4810	35526
UHGV-0099527	vOTU_4811	48169
UHGV-0079925	vOTU_4812	10020
UHGV-0043261	vOTU_4813	14638
UHGV-1375853	vOTU_4814	26301
UHGV-0379239	vOTU_4815	42071
UHGV-1375283	vOTU_4816	35992
UHGV-0114276	vOTU_4817	12284
UHGV-0055370	vOTU_4818	19650
UHGV-1818915	vOTU_4819	15811
UHGV-2235284	vOTU_4820	17918
UHGV-2132606	vOTU_4821	16968
UHGV-1921576	vOTU_4822	37372
UHGV-1508351	vOTU_4823	27042
UHGV-1420943	vOTU_4824	9549
UHGV-1781495	vOTU_4825	11095
UHGV-0058298	vOTU_4826	14173
UHGV-0058825	vOTU_4827	10355
UHGV-2013362	vOTU_4828	10149
UHGV-2068215	vOTU_4829	10070
UHGV-0145192	vOTU_4830	35055
UHGV-2208450	vOTU_4831	14893
UHGV-0044205	vOTU_4832	37020
UHGV-0194208	vOTU_4833	17777
UHGV-0993209	vOTU_4834	38883
UHGV-0263881	vOTU_4835	10082
UHGV-1346380	vOTU_4836	10049
UHGV-2147218	vOTU_4837	43346
UHGV-1840129	vOTU_4838	13484
UHGV-0043868	vOTU_4839	13048
UHGV-0982021	vOTU_4840	34112
UHGV-1361850	vOTU_4841	78158
UHGV-1515980	vOTU_4842	11390
UHGV-0032930	vOTU_4843	34818
UHGV-2205865	vOTU_4844	20582
UHGV-1668554	vOTU_4845	11049
UHGV-0047098	vOTU_4846	11846
UHGV-2136367	vOTU_4847	19974
UHGV-1449217	vOTU_4848	44719
UHGV-1361483	vOTU_4849	40563
UHGV-2168697	vOTU_4850	22982
UHGV-0969823	vOTU_4851	10162
UHGV-2166806	vOTU_4852	24009
UHGV-1817733	vOTU_4853	15965
UHGV-0383529	vOTU_4854	49968
UHGV-1596242	vOTU_4855	22048
UHGV-2179819	vOTU_4856	10515
UHGV-2049053	vOTU_4857	13424
UHGV-0078968	vOTU_4858	33229
UHGV-0194191	vOTU_4859	42250
UHGV-1921860	vOTU_4860	22580
UHGV-1901594	vOTU_4861	14953
UHGV-2202297	vOTU_4862	3499
UHGV-0092416	vOTU_4863	38473
UHGV-1499337	vOTU_4864	3469
UHGV-0116045	vOTU_4865	10471
UHGV-0047373	vOTU_4866	57863
UHGV-1506817	vOTU_4867	12182
UHGV-1483975	vOTU_4868	12642
UHGV-0178419	vOTU_4869	51104
UHGV-0793212	vOTU_4870	17828
UHGV-0099624	vOTU_4871	15581
UHGV-0223334	vOTU_4872	33052
UHGV-1924884	vOTU_4873	10188
UHGV-1328162	vOTU_4874	47420
UHGV-2102912	vOTU_4875	12590
UHGV-2155097	vOTU_4876	32713
UHGV-1358826	vOTU_4877	18207
UHGV-2038882	vOTU_4878	41050
UHGV-0074648	vOTU_4879	10112
UHGV-2107886	vOTU_4880	13429
UHGV-1494538	vOTU_4881	14889
UHGV-0165490	vOTU_4882	92933
UHGV-0317772	vOTU_4883	39687
UHGV-0097425	vOTU_4884	31208
UHGV-1831870	vOTU_4885	12132
UHGV-1457166	vOTU_4886	46189
UHGV-1999775	vOTU_4887	30753
UHGV-2183295	vOTU_4888	39523
UHGV-2129705	vOTU_4889	55199
UHGV-0069909	vOTU_4890	16795
UHGV-0144585	vOTU_4891	31823
UHGV-0053922	vOTU_4892	21790
UHGV-0158821	vOTU_4893	13768
UHGV-1376242	vOTU_4894	63113
UHGV-0058551	vOTU_4895	44247
UHGV-0041677	vOTU_4896	36655
UHGV-1468648	vOTU_4897	95504
UHGV-1434152	vOTU_4898	40134
UHGV-2131858	vOTU_4899	18802
UHGV-1791550	vOTU_4900	19647
UHGV-1660643	vOTU_4901	11002
UHGV-1954746	vOTU_4902	27270
UHGV-0084739	vOTU_4903	38063
UHGV-1920944	vOTU_4904	11936
UHGV-0385238	vOTU_4905	30743
UHGV-1969956	vOTU_4906	14227
UHGV-2084372	vOTU_4907	11353
UHGV-0197771	vOTU_4908	25696
UHGV-1512725	vOTU_4909	31696
UHGV-1608302	vOTU_4910	32951
UHGV-1643206	vOTU_4911	16239
UHGV-1961828	vOTU_4912	12479
UHGV-1921747	vOTU_4913	12338
UHGV-0168300	vOTU_4914	12514
UHGV-2116784	vOTU_4915	10167
UHGV-2087529	vOTU_4916	13460
UHGV-1456247	vOTU_4917	52222
UHGV-2134613	vOTU_4918	11080
UHGV-0183995	vOTU_4919	14604
UHGV-2124116	vOTU_4920	12351
UHGV-1819527	vOTU_4921	13075
UHGV-1523282	vOTU_4922	54202
UHGV-1954538	vOTU_4923	14531
UHGV-1509415	vOTU_4924	30925
UHGV-1982724	vOTU_4925	11969
UHGV-0089933	vOTU_4926	14231
UHGV-1365563	vOTU_4927	12736
UHGV-1855893	vOTU_4928	20106
UHGV-0151947	vOTU_4929	31736
UHGV-1809127	vOTU_4930	26355
UHGV-2149033	vOTU_4931	15028
UHGV-0041695	vOTU_4932	29430
UHGV-0340670	vOTU_4933	19701
UHGV-1706560	vOTU_4934	10807
UHGV-0108923	vOTU_4935	17312
UHGV-1348168	vOTU_4936	21906
UHGV-0162485	vOTU_4937	49012
UHGV-0070887	vOTU_4938	42804
UHGV-0233144	vOTU_4939	20887
UHGV-1408771	vOTU_4940	11545
UHGV-1391193	vOTU_4941	11776
UHGV-1368486	vOTU_4942	53640
UHGV-1654196	vOTU_4943	11193
UHGV-1830693	vOTU_4944	16095
UHGV-1537475	vOTU_4945	49008
UHGV-1403382	vOTU_4946	11394
UHGV-2087393	vOTU_4947	21228
UHGV-0209654	vOTU_4948	41774
UHGV-1635404	vOTU_4949	16400
UHGV-0151492	vOTU_4950	10570
UHGV-2162503	vOTU_4951	28615
UHGV-1933039	vOTU_4952	12485
UHGV-0064121	vOTU_4953	31442
UHGV-0004865	vOTU_4954	48008
UHGV-1649868	vOTU_4955	10144
UHGV-2117745	vOTU_4956	11818
UHGV-0319936	vOTU_4957	13532
UHGV-1372985	vOTU_4958	18268
UHGV-0201037	vOTU_4959	13309
UHGV-0091191	vOTU_4960	13278
UHGV-1913260	vOTU_4961	11670
UHGV-0299837	vOTU_4962	16066
UHGV-2224054	vOTU_4963	8753
UHGV-1985402	vOTU_4964	13102
UHGV-2110082	vOTU_4965	10509
UHGV-1936373	vOTU_4966	10753
UHGV-1975423	vOTU_4967	12025
UHGV-1863943	vOTU_4968	33319
UHGV-0247568	vOTU_4969	86011
UHGV-1991748	vOTU_4970	39723
UHGV-0390641	vOTU_4971	42938
UHGV-2025144	vOTU_4972	32860
UHGV-1302323	vOTU_4973	11890
UHGV-0126315	vOTU_4974	39416
UHGV-1995432	vOTU_4975	18638
UHGV-1951673	vOTU_4976	14448
UHGV-2006740	vOTU_4977	7430
UHGV-0093347	vOTU_4978	31360
UHGV-1627058	vOTU_4979	10335
UHGV-1371937	vOTU_4980	44875
UHGV-2169949	vOTU_4981	17636
UHGV-1358385	vOTU_4982	15173
UHGV-1578303	vOTU_4983	11782
UHGV-0103458	vOTU_4984	15335
UHGV-1941679	vOTU_4985	10041
UHGV-0195687	vOTU_4986	33950
UHGV-2145878	vOTU_4987	50864
UHGV-0153327	vOTU_4988	35753
UHGV-1320480	vOTU_4989	12992
UHGV-1878613	vOTU_4990	60418
UHGV-1637941	vOTU_4991	14411
UHGV-2148255	vOTU_4992	11406
UHGV-1669808	vOTU_4993	10160
UHGV-0241157	vOTU_4994	11762
UHGV-0077940	vOTU_4995	14771
UHGV-0830463	vOTU_4996	35851
UHGV-1376358	vOTU_4997	45845
UHGV-0087797	vOTU_4998	51436
UHGV-0050861	vOTU_4999	11340
UHGV-0221371	vOTU_5000	41374
UHGV-0107287	vOTU_5001	28698
UHGV-1499951	vOTU_5002	13005
UHGV-2071977	vOTU_5003	38814
UHGV-1728270	vOTU_5004	14157
UHGV-0275315	vOTU_5005	23195
UHGV-2012566	vOTU_5006	10616
UHGV-1877900	vOTU_5007	15969
UHGV-1419922	vOTU_5008	35896
UHGV-0212234	vOTU_5009	15508
UHGV-1762826	vOTU_5010	13660
UHGV-1921602	vOTU_5011	29377
UHGV-0055836	vOTU_5012	14638
UHGV-1887796	vOTU_5013	37490
UHGV-1673552	vOTU_5014	10669
UHGV-2058175	vOTU_5015	10805
UHGV-0184036	vOTU_5016	32309
UHGV-1351600	vOTU_5017	44606
UHGV-1390101	vOTU_5018	11674
UHGV-1764841	vOTU_5019	40841
UHGV-2163711	vOTU_5020	12706
UHGV-1749468	vOTU_5021	10730
UHGV-2054888	vOTU_5022	17886
UHGV-0271852	vOTU_5023	11344
UHGV-2047873	vOTU_5024	13614
UHGV-0161787	vOTU_5025	14379
UHGV-1727304	vOTU_5026	17843
UHGV-0356037	vOTU_5027	35784
UHGV-0042031	vOTU_5028	13181
UHGV-0399891	vOTU_5029	12209
UHGV-1552188	vOTU_5030	10194
UHGV-2081746	vOTU_5031	49337
UHGV-1981988	vOTU_5032	31186
UHGV-0047212	vOTU_5033	29318
UHGV-1951303	vOTU_5034	21931
UHGV-1967366	vOTU_5035	23345
UHGV-2087668	vOTU_5036	39584
UHGV-1370971	vOTU_5037	112084
UHGV-2104361	vOTU_5038	10518
UHGV-1374653	vOTU_5039	79815
UHGV-0317495	vOTU_5040	13069
UHGV-0090964	vOTU_5041	63000
UHGV-2028965	vOTU_5042	16229
UHGV-1395757	vOTU_5043	29490
UHGV-2002685	vOTU_5044	17869
UHGV-1658999	vOTU_5045	11174
UHGV-0197277	vOTU_5046	17590
UHGV-0390356	vOTU_5047	29120
UHGV-0193217	vOTU_5048	19757
UHGV-1654782	vOTU_5049	18497
UHGV-1518855	vOTU_5050	57026
UHGV-0825550	vOTU_5051	15129
UHGV-2118603	vOTU_5052	10871
UHGV-0114214	vOTU_5053	14753
UHGV-1462710	vOTU_5054	35524
UHGV-0420946	vOTU_5055	35851
UHGV-0185564	vOTU_5056	15300
UHGV-0082765	vOTU_5057	27119
UHGV-0257150	vOTU_5058	42479
UHGV-1488305	vOTU_5059	19548
UHGV-2112192	vOTU_5060	11908
UHGV-2080730	vOTU_5061	12721
UHGV-2150538	vOTU_5062	22855
UHGV-0119902	vOTU_5063	11101
UHGV-1358138	vOTU_5064	13369
UHGV-2151850	vOTU_5065	19359
UHGV-0218720	vOTU_5066	13559
UHGV-1127273	vOTU_5067	10852
UHGV-0306707	vOTU_5068	30169
UHGV-0120693	vOTU_5069	32416
UHGV-0155208	vOTU_5070	54448
UHGV-0119274	vOTU_5071	27719
UHGV-1416222	vOTU_5072	16338
UHGV-0114577	vOTU_5073	16481
UHGV-0123934	vOTU_5074	38805
UHGV-1740263	vOTU_5075	14204
UHGV-1750765	vOTU_5076	20367
UHGV-1945303	vOTU_5077	42998
UHGV-1690334	vOTU_5078	23175
UHGV-1743292	vOTU_5079	13526
UHGV-0085559	vOTU_5080	10032
UHGV-0040404	vOTU_5081	40411
UHGV-1917430	vOTU_5082	11354
UHGV-1710830	vOTU_5083	13941
UHGV-2206916	vOTU_5084	10644
UHGV-1952437	vOTU_5085	10550
UHGV-1577777	vOTU_5086	24030
UHGV-1946338	vOTU_5087	85263
UHGV-0465672	vOTU_5088	31597
UHGV-1544289	vOTU_5089	42209
UHGV-0050983	vOTU_5090	28434
UHGV-1432505	vOTU_5091	41931
UHGV-2095559	vOTU_5092	16780
UHGV-0254301	vOTU_5093	38671
UHGV-2014776	vOTU_5094	19455
UHGV-1283940	vOTU_5095	38288
UHGV-0389999	vOTU_5096	11881
UHGV-2050648	vOTU_5097	13001
UHGV-1929835	vOTU_5098	14627
UHGV-1988414	vOTU_5099	14524
UHGV-1450624	vOTU_5100	14059
UHGV-0051916	vOTU_5101	42435
UHGV-1773534	vOTU_5102	18433
UHGV-1965157	vOTU_5103	7910
UHGV-0060816	vOTU_5104	13864
UHGV-0463331	vOTU_5105	12106
UHGV-0044875	vOTU_5106	37622
UHGV-1757273	vOTU_5107	23727
UHGV-1706971	vOTU_5108	10917
UHGV-0062197	vOTU_5109	28970
UHGV-1745143	vOTU_5110	10615
UHGV-0311011	vOTU_5111	21924
UHGV-0379800	vOTU_5112	48352
UHGV-2152126	vOTU_5113	9252
UHGV-1597132	vOTU_5114	19425
UHGV-1991769	vOTU_5115	11069
UHGV-0176645	vOTU_5116	18228
UHGV-2020206	vOTU_5117	15035
UHGV-1927872	vOTU_5118	38673
UHGV-1382804	vOTU_5119	41000
UHGV-0217188	vOTU_5120	46382
UHGV-1635221	vOTU_5121	15533
UHGV-2132169	vOTU_5122	11725
UHGV-0187366	vOTU_5123	61686
UHGV-1541048	vOTU_5124	28838
UHGV-1977914	vOTU_5125	10626
UHGV-2104137	vOTU_5126	10378
UHGV-2057806	vOTU_5127	13997
UHGV-1897741	vOTU_5128	14591
UHGV-1778748	vOTU_5129	16691
UHGV-1436708	vOTU_5130	32238
UHGV-0233330	vOTU_5131	88543
UHGV-0392591	vOTU_5132	23637
UHGV-0391138	vOTU_5133	41316
UHGV-1693337	vOTU_5134	23148
UHGV-2101937	vOTU_5135	14689
UHGV-0203868	vOTU_5136	36759
UHGV-1930687	vOTU_5137	19780
UHGV-0085786	vOTU_5138	14390
UHGV-1782574	vOTU_5139	36758
UHGV-0199226	vOTU_5140	13867
UHGV-1859195	vOTU_5141	19199
UHGV-0386782	vOTU_5142	33618
UHGV-0356252	vOTU_5143	14962
UHGV-1411203	vOTU_5144	15622
UHGV-1502970	vOTU_5145	33347
UHGV-2149715	vOTU_5146	11623
UHGV-0090347	vOTU_5147	24193
UHGV-1499271	vOTU_5148	15818
UHGV-0204423	vOTU_5149	45454
UHGV-1570271	vOTU_5150	24094
UHGV-1790235	vOTU_5151	12457
UHGV-0091919	vOTU_5152	20600
UHGV-1436417	vOTU_5153	29076
UHGV-1381785	vOTU_5154	23797
UHGV-1503757	vOTU_5155	41700
UHGV-1806326	vOTU_5156	12844
UHGV-1257618	vOTU_5157	19912
UHGV-2017652	vOTU_5158	11794
UHGV-0369970	vOTU_5159	185494
UHGV-0049182	vOTU_5160	27646
UHGV-0037926	vOTU_5161	41664
UHGV-0470542	vOTU_5162	4570
UHGV-2187364	vOTU_5163	10815
UHGV-0157042	vOTU_5164	30097
UHGV-1427616	vOTU_5165	23102
UHGV-2044091	vOTU_5166	10508
UHGV-2166999	vOTU_5167	36870
UHGV-2000925	vOTU_5168	10113
UHGV-2156330	vOTU_5169	31671
UHGV-2124639	vOTU_5170	16527
UHGV-0119170	vOTU_5171	45677
UHGV-2010679	vOTU_5172	13776
UHGV-2151638	vOTU_5173	14905
UHGV-1445233	vOTU_5174	14127
UHGV-1384986	vOTU_5175	16871
UHGV-0041038	vOTU_5176	41435
UHGV-0084328	vOTU_5177	33898
UHGV-1670808	vOTU_5178	10109
UHGV-2154061	vOTU_5179	23626
UHGV-0051353	vOTU_5180	15672
UHGV-1346043	vOTU_5181	6617
UHGV-0369487	vOTU_5182	40543
UHGV-2182632	vOTU_5183	14219
UHGV-1596494	vOTU_5184	16584
UHGV-0112752	vOTU_5185	16278
UHGV-1861332	vOTU_5186	11759
UHGV-0109675	vOTU_5187	11734
UHGV-1381231	vOTU_5188	22239
UHGV-2088331	vOTU_5189	23612
UHGV-0238179	vOTU_5190	18379
UHGV-1707177	vOTU_5191	10741
UHGV-1532533	vOTU_5192	74512
UHGV-1987228	vOTU_5193	34093
UHGV-1517775	vOTU_5194	120583
UHGV-2070212	vOTU_5195	12792
UHGV-0058692	vOTU_5196	37265
UHGV-2057391	vOTU_5197	37434
UHGV-0096208	vOTU_5198	12969
UHGV-1734138	vOTU_5199	13378
UHGV-0042776	vOTU_5200	10932
UHGV-0141184	vOTU_5201	18187
UHGV-0126319	vOTU_5202	38838
UHGV-0223120	vOTU_5203	26615
UHGV-1858760	vOTU_5204	10541
UHGV-2085208	vOTU_5205	10111
UHGV-2038876	vOTU_5206	12752
UHGV-0039560	vOTU_5207	50800
UHGV-2183627	vOTU_5208	12391
UHGV-1891812	vOTU_5209	22858
UHGV-0089022	vOTU_5210	13742
UHGV-1398574	vOTU_5211	17016
UHGV-2101495	vOTU_5212	26966
UHGV-0293789	vOTU_5213	30134
UHGV-1934930	vOTU_5214	13016
UHGV-1958726	vOTU_5215	47668
UHGV-1408032	vOTU_5216	13101
UHGV-1844215	vOTU_5217	25982
UHGV-0206634	vOTU_5218	40996
UHGV-1483670	vOTU_5219	26320
UHGV-2166636	vOTU_5220	11695
UHGV-1443451	vOTU_5221	6062
UHGV-2064446	vOTU_5222	11427
UHGV-2169003	vOTU_5223	13218
UHGV-1823085	vOTU_5224	15606
UHGV-0379336	vOTU_5225	14090
UHGV-2174859	vOTU_5226	12349
UHGV-0188856	vOTU_5227	12426
UHGV-1338091	vOTU_5228	13143
UHGV-2093159	vOTU_5229	10236
UHGV-1553427	vOTU_5230	11203
UHGV-0049844	vOTU_5231	30076
UHGV-1837262	vOTU_5232	10633
UHGV-1389520	vOTU_5233	31544
UHGV-1583450	vOTU_5234	11632
UHGV-1357332	vOTU_5235	95890
UHGV-2106581	vOTU_5236	30652
UHGV-0053845	vOTU_5237	11661
UHGV-1348654	vOTU_5238	23145
UHGV-1661786	vOTU_5239	11224
UHGV-1380820	vOTU_5240	139909
UHGV-0345367	vOTU_5241	48794
UHGV-0086591	vOTU_5242	10200
UHGV-1969441	vOTU_5243	18389
UHGV-1342443	vOTU_5244	36682
UHGV-1497517	vOTU_5245	156161
UHGV-1994125	vOTU_5246	17803
UHGV-1371927	vOTU_5247	57704
UHGV-1398029	vOTU_5248	32131
UHGV-2161968	vOTU_5249	35666
UHGV-1400195	vOTU_5250	16973
UHGV-1670380	vOTU_5251	13964
UHGV-1372774	vOTU_5252	185836
UHGV-1192172	vOTU_5253	30571
UHGV-2072650	vOTU_5254	11151
UHGV-0242989	vOTU_5255	15841
UHGV-2130153	vOTU_5256	46258
UHGV-0055153	vOTU_5257	20398
UHGV-0129761	vOTU_5258	12593
UHGV-1983890	vOTU_5259	5524
UHGV-1446666	vOTU_5260	43654
UHGV-1379530	vOTU_5261	35649
UHGV-1349762	vOTU_5262	11775
UHGV-1968874	vOTU_5263	11975
UHGV-2009330	vOTU_5264	15172
UHGV-2154217	vOTU_5265	11243
UHGV-2138222	vOTU_5266	10371
UHGV-2137526	vOTU_5267	17384
UHGV-1459876	vOTU_5268	33932
UHGV-0184183	vOTU_5269	50370
UHGV-0213330	vOTU_5270	54972
UHGV-0377975	vOTU_5271	10923
UHGV-2043523	vOTU_5272	45975
UHGV-2131504	vOTU_5273	17826
UHGV-1685544	vOTU_5274	17777
UHGV-0098584	vOTU_5275	15915
UHGV-1967615	vOTU_5276	10149
UHGV-1376195	vOTU_5277	46025
UHGV-1479842	vOTU_5278	18466
UHGV-1676327	vOTU_5279	20864
UHGV-2181939	vOTU_5280	13080
UHGV-1831056	vOTU_5281	15864
UHGV-1752497	vOTU_5282	10834
UHGV-0089913	vOTU_5283	33964
UHGV-1533251	vOTU_5284	39486
UHGV-1829812	vOTU_5285	12590
UHGV-0344305	vOTU_5286	34308
UHGV-1995870	vOTU_5287	11182
UHGV-1952423	vOTU_5288	28142
UHGV-1363486	vOTU_5289	58917
UHGV-1500562	vOTU_5290	33000
UHGV-2085288	vOTU_5291	105895
UHGV-0254747	vOTU_5292	27748
UHGV-0442895	vOTU_5293	4965
UHGV-1838570	vOTU_5294	30213
UHGV-1465200	vOTU_5295	24025
UHGV-1969588	vOTU_5296	12978
UHGV-1840325	vOTU_5297	12074
UHGV-0004263	vOTU_5298	46846
UHGV-1767647	vOTU_5299	13799
UHGV-1982591	vOTU_5300	16707
UHGV-0227382	vOTU_5301	30335
UHGV-2008724	vOTU_5302	12995
UHGV-1634608	vOTU_5303	15553
UHGV-0091661	vOTU_5304	21434
UHGV-2079989	vOTU_5305	16242
UHGV-1864076	vOTU_5306	17486
UHGV-2053057	vOTU_5307	13498
UHGV-1453817	vOTU_5308	46044
UHGV-0325988	vOTU_5335	149358
UHGV-1367798	vOTU_5337	145546
UHGV-1533605	vOTU_5341	138569
UHGV-1522992	vOTU_5356	117381
UHGV-1778073	vOTU_5357	117189
UHGV-1505710	vOTU_5359	109232
UHGV-1923860	vOTU_5369	104035
UHGV-1365623	vOTU_5370	102735
UHGV-2048774	vOTU_5371	104974
UHGV-0200309	vOTU_5372	102372
UHGV-1362129	vOTU_5373	103625
UHGV-0118861	vOTU_5386	97040
UHGV-0336143	vOTU_5387	98586
UHGV-0224488	vOTU_5390	94966
UHGV-1367592	vOTU_5398	92644
UHGV-1385117	vOTU_5399	92681
UHGV-1985061	vOTU_5400	90183
UHGV-0021184	vOTU_5401	91657
UHGV-0302208	vOTU_5412	87193
UHGV-0171411	vOTU_5413	88516
UHGV-2039649	vOTU_5423	84832
UHGV-1586548	vOTU_5432	78994
UHGV-0096966	vOTU_5439	69678
UHGV-1838938	vOTU_5440	69922
UHGV-1340035	vOTU_5441	69790
UHGV-2206890	vOTU_5451	66470
UHGV-1476860	vOTU_5464	63576
UHGV-1539138	vOTU_5465	63742
UHGV-1509641	vOTU_5487	60399
UHGV-1381911	vOTU_5488	61414
UHGV-2155167	vOTU_5489	60163
UHGV-2003605	vOTU_5490	61723
UHGV-1416877	vOTU_5491	60313
UHGV-1450411	vOTU_5492	61566
UHGV-0182897	vOTU_5493	62771
UHGV-2160575	vOTU_5494	62105
UHGV-0192924	vOTU_5495	61404
UHGV-0042718	vOTU_5519	59178
UHGV-0155812	vOTU_5520	57473
UHGV-2161973	vOTU_5521	57353
UHGV-0113763	vOTU_5522	58855
UHGV-0047871	vOTU_5523	57564
UHGV-2056832	vOTU_5524	59962
UHGV-0106306	vOTU_5525	59523
UHGV-1351446	vOTU_5526	57558
UHGV-1360942	vOTU_5538	55726
UHGV-1444547	vOTU_5539	54007
UHGV-0315978	vOTU_5540	56337
UHGV-1482507	vOTU_5541	55406
UHGV-0114685	vOTU_5542	55512
UHGV-1305903	vOTU_5543	56472
UHGV-1470012	vOTU_5544	55167
UHGV-2036317	vOTU_5545	55385
UHGV-0052514	vOTU_5546	56386
UHGV-1444737	vOTU_5547	54274
UHGV-0137003	vOTU_5548	55577
UHGV-0386368	vOTU_5549	55667
UHGV-0045197	vOTU_5566	52952
UHGV-0038377	vOTU_5567	53287
UHGV-0004175	vOTU_5568	52191
UHGV-1355102	vOTU_5569	51692
UHGV-0166499	vOTU_5570	52865
UHGV-2089612	vOTU_5571	52362
UHGV-1394257	vOTU_5572	51890
UHGV-0079203	vOTU_5573	53833
UHGV-0234742	vOTU_5574	52971
UHGV-1444071	vOTU_5575	51332
UHGV-0426579	vOTU_5576	53655
UHGV-1681801	vOTU_5577	53962
UHGV-1518951	vOTU_5578	53542
UHGV-0333246	vOTU_5599	50074
UHGV-1533641	vOTU_5600	48736
UHGV-1948319	vOTU_5601	49409
UHGV-0392114	vOTU_5602	50437
UHGV-1493000	vOTU_5603	48911
UHGV-1965727	vOTU_5604	50478
UHGV-1848715	vOTU_5605	50973
UHGV-1407980	vOTU_5606	49573
UHGV-1481253	vOTU_5607	48233
UHGV-0136373	vOTU_5608	49232
UHGV-1493593	vOTU_5609	48645
UHGV-2210423	vOTU_5610	48347
UHGV-2189235	vOTU_5648	46917
UHGV-0169547	vOTU_5649	46177
UHGV-1545235	vOTU_5650	46881
UHGV-0067855	vOTU_5651	46633
UHGV-2129468	vOTU_5652	45268
UHGV-2051373	vOTU_5653	47318
UHGV-1417715	vOTU_5654	45152
UHGV-0403995	vOTU_5655	47991
UHGV-0340579	vOTU_5711	42474
UHGV-0092276	vOTU_5717	42047
UHGV-0021177	vOTU_5718	44851
UHGV-0035208	vOTU_5719	43017
UHGV-0013154	vOTU_5720	42015
UHGV-2182372	vOTU_5721	42469
UHGV-0883735	vOTU_5722	43545
UHGV-0391207	vOTU_5723	42988
UHGV-1376924	vOTU_5724	44007
UHGV-1971336	vOTU_5725	42990
UHGV-1369227	vOTU_5726	42496
UHGV-1445132	vOTU_5727	42917
UHGV-0190749	vOTU_5728	43961
UHGV-0118434	vOTU_5729	43936
UHGV-1528969	vOTU_5730	42550
UHGV-2118389	vOTU_5731	44067
UHGV-0093590	vOTU_5732	42809
UHGV-0161405	vOTU_5733	42154
UHGV-0012405	vOTU_5734	43307
UHGV-1496236	vOTU_5735	42714
UHGV-1414815	vOTU_5736	43213
UHGV-0168894	vOTU_5737	43019
UHGV-1930438	vOTU_5738	43836
UHGV-1351102	vOTU_5784	41842
UHGV-1430845	vOTU_5787	40039
UHGV-0114001	vOTU_5788	41440
UHGV-1365614	vOTU_5789	39341
UHGV-0229108	vOTU_5790	41839
UHGV-0387023	vOTU_5791	40690
UHGV-1433466	vOTU_5792	40089
UHGV-1919691	vOTU_5793	39947
UHGV-0184076	vOTU_5794	40900
UHGV-0096195	vOTU_5795	39432
UHGV-0075677	vOTU_5796	39016
UHGV-0390172	vOTU_5797	41300
UHGV-0774106	vOTU_5798	39681
UHGV-0090239	vOTU_5799	40459
UHGV-1490347	vOTU_5800	39199
UHGV-1361780	vOTU_5801	39598
UHGV-0258398	vOTU_5802	39779
UHGV-0054648	vOTU_5803	39069
UHGV-0144852	vOTU_5804	41158
UHGV-1354631	vOTU_5852	36068
UHGV-2075738	vOTU_5853	38171
UHGV-1395989	vOTU_5854	38782
UHGV-0055739	vOTU_5855	38813
UHGV-0382374	vOTU_5856	38343
UHGV-1380767	vOTU_5857	36165
UHGV-0331225	vOTU_5858	36403
UHGV-1445254	vOTU_5859	37102
UHGV-2016790	vOTU_5860	36813
UHGV-0302206	vOTU_5861	36117
UHGV-0209242	vOTU_5862	37418
UHGV-2117284	vOTU_5863	36919
UHGV-1376341	vOTU_5864	37898
UHGV-1540339	vOTU_5865	36488
UHGV-1407290	vOTU_5866	37282
UHGV-1899604	vOTU_5867	37581
UHGV-0110869	vOTU_5868	36900
UHGV-1966408	vOTU_5869	37983
UHGV-1370934	vOTU_5870	37595
UHGV-0047870	vOTU_5871	36571
UHGV-0053089	vOTU_5872	38498
UHGV-0391856	vOTU_5873	36773
UHGV-1415037	vOTU_5874	38316
UHGV-1396685	vOTU_5875	36343
UHGV-2238150	vOTU_5876	38424
UHGV-1949799	vOTU_5877	37291
UHGV-1279556	vOTU_5878	38058
UHGV-2006012	vOTU_5879	38280
UHGV-0161782	vOTU_5880	38645
UHGV-0158576	vOTU_5881	38388
UHGV-0206908	vOTU_5927	35268
UHGV-1462174	vOTU_5928	35476
UHGV-0069837	vOTU_5929	35187
UHGV-2198804	vOTU_5930	35650
UHGV-1463555	vOTU_5931	33875
UHGV-0007919	vOTU_5932	35052
UHGV-0291866	vOTU_5933	34979
UHGV-2067055	vOTU_5934	35042
UHGV-1875352	vOTU_5935	35218
UHGV-1459205	vOTU_5936	33912
UHGV-1727802	vOTU_5937	34617
UHGV-0090562	vOTU_5938	34061
UHGV-1512675	vOTU_5939	35184
UHGV-1466332	vOTU_5940	35498
UHGV-2128077	vOTU_5941	34813
UHGV-0006922	vOTU_5942	34039
UHGV-1997273	vOTU_5943	34431
UHGV-0151229	vOTU_5944	34029
UHGV-1840816	vOTU_5945	35491
UHGV-2008979	vOTU_5946	33638
UHGV-1427149	vOTU_5947	35808
UHGV-1945961	vOTU_5948	35233
UHGV-1819543	vOTU_5949	33174
UHGV-1462122	vOTU_5950	33872
UHGV-0390723	vOTU_5976	32341
UHGV-2133993	vOTU_5978	31203
UHGV-0175665	vOTU_5979	31353
UHGV-1368494	vOTU_5980	31089
UHGV-2152485	vOTU_5981	32973
UHGV-0195849	vOTU_5982	30912
UHGV-1340258	vOTU_5983	31377
UHGV-0391626	vOTU_5984	32010
UHGV-1441533	vOTU_5985	32133
UHGV-0121008	vOTU_5986	30304
UHGV-0118161	vOTU_5987	30713
UHGV-1391587	vOTU_5988	31335
UHGV-0166174	vOTU_5989	32216
UHGV-1919032	vOTU_5990	32509
UHGV-1471354	vOTU_5991	30567
UHGV-0146738	vOTU_5992	31614
UHGV-0240602	vOTU_5993	30420
UHGV-0201926	vOTU_5994	31063
UHGV-0053835	vOTU_5995	31470
UHGV-2111232	vOTU_5996	30238
UHGV-2180954	vOTU_5997	30136
UHGV-0247817	vOTU_5998	31623
UHGV-0054320	vOTU_5999	31460
UHGV-0073360	vOTU_6000	30521
UHGV-2198426	vOTU_6001	32408
UHGV-0388928	vOTU_6002	32006
UHGV-2145436	vOTU_6003	30947
UHGV-0011389	vOTU_6004	32071
UHGV-2072042	vOTU_6005	32073
UHGV-0303996	vOTU_6006	31030
UHGV-1394406	vOTU_6007	32404
UHGV-0242367	vOTU_6008	31730
UHGV-0285372	vOTU_6009	30443
UHGV-0293189	vOTU_6010	30001
UHGV-1602044	vOTU_6011	32499
UHGV-0362182	vOTU_6024	29509
UHGV-1487787	vOTU_6025	27544
UHGV-1580846	vOTU_6026	29541
UHGV-0087095	vOTU_6027	27403
UHGV-0043849	vOTU_6028	28479
UHGV-1401976	vOTU_6029	27422
UHGV-1404256	vOTU_6030	27210
UHGV-0234626	vOTU_6031	28876
UHGV-0209910	vOTU_6032	29177
UHGV-0334170	vOTU_6033	28819
UHGV-0269348	vOTU_6034	27173
UHGV-2152801	vOTU_6035	27484
UHGV-1284855	vOTU_6036	29772
UHGV-0108620	vOTU_6037	29106
UHGV-1459364	vOTU_6038	29217
UHGV-1447114	vOTU_6039	28027
UHGV-1447649	vOTU_6040	27034
UHGV-2024157	vOTU_6041	29059
UHGV-1449536	vOTU_6042	27976
UHGV-0312851	vOTU_6043	29550
UHGV-0141841	vOTU_6044	28114
UHGV-1439997	vOTU_6045	28960
UHGV-0233233	vOTU_6046	27515
UHGV-2071153	vOTU_6047	28970
UHGV-1718321	vOTU_6048	28167
UHGV-1489482	vOTU_6061	26512
UHGV-0078897	vOTU_6062	24586
UHGV-2202859	vOTU_6063	25386
UHGV-0836674	vOTU_6064	25394
UHGV-0192793	vOTU_6065	26728
UHGV-0149720	vOTU_6066	25136
UHGV-0087591	vOTU_6067	25777
UHGV-1397219	vOTU_6068	24544
UHGV-1613315	vOTU_6069	25816
UHGV-1851141	vOTU_6070	25223
UHGV-0375602	vOTU_6071	24824
UHGV-0333974	vOTU_6072	24686
UHGV-1452760	vOTU_6073	24702
UHGV-1449157	vOTU_6074	26726
UHGV-0851963	vOTU_6075	26755
UHGV-1050600	vOTU_6076	26355
UHGV-1613377	vOTU_6077	25895
UHGV-0164012	vOTU_6078	25125
UHGV-1452622	vOTU_6079	26972
UHGV-1377805	vOTU_6098	22227
UHGV-2197179	vOTU_6099	23545
UHGV-2010959	vOTU_6100	21299
UHGV-2044273	vOTU_6101	23374
UHGV-1919384	vOTU_6102	21399
UHGV-2072423	vOTU_6103	22961
UHGV-0193464	vOTU_6104	23287
UHGV-1651487	vOTU_6105	23240
UHGV-0128097	vOTU_6106	23787
UHGV-0332362	vOTU_6107	22058
UHGV-2005018	vOTU_6108	21779
UHGV-2002795	vOTU_6109	21027
UHGV-0042626	vOTU_6110	21984
UHGV-0164050	vOTU_6111	22640
UHGV-1729787	vOTU_6112	21137
UHGV-0405751	vOTU_6113	21086
UHGV-1681259	vOTU_6114	21106
UHGV-0045339	vOTU_6115	23249
UHGV-2173680	vOTU_6116	22090
UHGV-2178124	vOTU_6117	22455
UHGV-1735833	vOTU_6118	21160
UHGV-1461470	vOTU_6119	22735
UHGV-1838950	vOTU_6120	22207
UHGV-1463886	vOTU_6121	23898
UHGV-2164920	vOTU_6122	23748
UHGV-1976441	vOTU_6123	23818
UHGV-1965008	vOTU_6124	23629
UHGV-1427034	vOTU_6125	21855
UHGV-0154875	vOTU_6126	22928
UHGV-1685857	vOTU_6127	21080
UHGV-0068125	vOTU_6128	23145
UHGV-1871380	vOTU_6149	18752
UHGV-0170509	vOTU_6150	19812
UHGV-1759133	vOTU_6151	20580
UHGV-1973933	vOTU_6152	19518
UHGV-2120757	vOTU_6153	19407
UHGV-2011038	vOTU_6154	19285
UHGV-0117452	vOTU_6155	18237
UHGV-0383149	vOTU_6156	20191
UHGV-0126871	vOTU_6157	19247
UHGV-1243530	vOTU_6158	20011
UHGV-0273049	vOTU_6159	18062
UHGV-0150126	vOTU_6160	18297
UHGV-1544040	vOTU_6161	18196
UHGV-0136610	vOTU_6162	20977
UHGV-2183742	vOTU_6163	19359
UHGV-1781433	vOTU_6164	19763
UHGV-2002608	vOTU_6165	19113
UHGV-0044145	vOTU_6166	19813
UHGV-1977397	vOTU_6167	19812
UHGV-1961870	vOTU_6168	20437
UHGV-2099259	vOTU_6169	18715
UHGV-1694572	vOTU_6170	18744
UHGV-0157826	vOTU_6171	19849
UHGV-1745356	vOTU_6172	20615
UHGV-0175196	vOTU_6173	20754
UHGV-0096361	vOTU_6174	18972
UHGV-1396734	vOTU_6175	18092
UHGV-0162156	vOTU_6176	19591
UHGV-1964750	vOTU_6177	18430
UHGV-1422851	vOTU_6178	20734
UHGV-1906350	vOTU_6179	20163
UHGV-0103407	vOTU_6180	20508
UHGV-1416123	vOTU_6221	16239
UHGV-1392698	vOTU_6222	16995
UHGV-1367543	vOTU_6223	17539
UHGV-0085777	vOTU_6224	16965
UHGV-1385300	vOTU_6230	17022
UHGV-2196696	vOTU_6232	16386
UHGV-2138893	vOTU_6233	16733
UHGV-1813437	vOTU_6234	15005
UHGV-0172159	vOTU_6235	16757
UHGV-2165195	vOTU_6236	15441
UHGV-1640583	vOTU_6237	15601
UHGV-1802074	vOTU_6238	15106
UHGV-2032536	vOTU_6239	17616
UHGV-1480134	vOTU_6240	17244
UHGV-1962366	vOTU_6241	16898
UHGV-1358452	vOTU_6242	16562
UHGV-2128149	vOTU_6243	15446
UHGV-2140832	vOTU_6244	17964
UHGV-2200094	vOTU_6245	16311
UHGV-2047237	vOTU_6246	15847
UHGV-1764537	vOTU_6247	15194
UHGV-0209628	vOTU_6248	15502
UHGV-1581493	vOTU_6249	16874
UHGV-1826925	vOTU_6250	15818
UHGV-0145193	vOTU_6251	15708
UHGV-0170988	vOTU_6252	16765
UHGV-2166344	vOTU_6253	17598
UHGV-1960321	vOTU_6254	16192
UHGV-1727841	vOTU_6255	15366
UHGV-2093668	vOTU_6256	16520
UHGV-0114826	vOTU_6257	15563
UHGV-0087957	vOTU_6258	15235
UHGV-0180709	vOTU_6259	17296
UHGV-2206030	vOTU_6260	17597
UHGV-1457479	vOTU_6261	15173
UHGV-0187374	vOTU_6262	15703
UHGV-1398148	vOTU_6263	16933
UHGV-1991428	vOTU_6264	16448
UHGV-1725274	vOTU_6265	15343
UHGV-1725932	vOTU_6266	15424
UHGV-1773438	vOTU_6267	17429
UHGV-1764816	vOTU_6268	17267
UHGV-1497792	vOTU_6311	14823
UHGV-2197223	vOTU_6313	13694
UHGV-0152825	vOTU_6314	14094
UHGV-0110060	vOTU_6318	13672
UHGV-0208899	vOTU_6319	12701
UHGV-2066153	vOTU_6320	13365
UHGV-2141612	vOTU_6321	14310
UHGV-0088045	vOTU_6322	12653
UHGV-0076889	vOTU_6323	12928
UHGV-2016661	vOTU_6324	12320
UHGV-1714494	vOTU_6325	13905
UHGV-0335980	vOTU_6326	13079
UHGV-1808050	vOTU_6327	13026
UHGV-0159049	vOTU_6328	13926
UHGV-0168384	vOTU_6329	12499
UHGV-1931641	vOTU_6330	12150
UHGV-2197557	vOTU_6331	12443
UHGV-1979920	vOTU_6332	13937
UHGV-1730265	vOTU_6333	14174
UHGV-0118262	vOTU_6334	14397
UHGV-2061016	vOTU_6335	13576
UHGV-1716973	vOTU_6336	13987
UHGV-1821309	vOTU_6337	12214
UHGV-0168851	vOTU_6338	13932
UHGV-1851742	vOTU_6339	13105
UHGV-1826931	vOTU_6340	12012
UHGV-0114279	vOTU_6341	13780
UHGV-0167428	vOTU_6342	14364
UHGV-1671790	vOTU_6343	14246
UHGV-2071600	vOTU_6344	12932
UHGV-1682874	vOTU_6345	12797
UHGV-2132064	vOTU_6346	14335
UHGV-2034831	vOTU_6347	13987
UHGV-2127947	vOTU_6348	14925
UHGV-0072773	vOTU_6377	11704
UHGV-1631724	vOTU_6378	11439
UHGV-1547117	vOTU_6379	11442
UHGV-0175039	vOTU_6380	10482
UHGV-0046515	vOTU_6381	10005
UHGV-1626402	vOTU_6382	10397
UHGV-0221043	vOTU_6383	10986
UHGV-0382485	vOTU_6384	10387
UHGV-0166734	vOTU_6385	10627
UHGV-0051467	vOTU_6386	10254
UHGV-1866077	vOTU_6387	10172
UHGV-1663858	vOTU_6388	11182
UHGV-2079684	vOTU_6389	10684
UHGV-1625510	vOTU_6390	10566
UHGV-0072932	vOTU_6391	10373
UHGV-0083429	vOTU_6392	10574
UHGV-0387372	vOTU_6393	11194
UHGV-1611322	vOTU_6394	11542
UHGV-0320295	vOTU_6395	11505
UHGV-1690167	vOTU_6396	10967
UHGV-1655116	vOTU_6397	10065
UHGV-1589125	vOTU_6398	11657
UHGV-1659092	vOTU_6399	11015
UHGV-0117180	vOTU_6400	11744
UHGV-2199235	vOTU_6401	10678
UHGV-1945841	vOTU_6402	11177
UHGV-0060578	vOTU_6403	11706
UHGV-2155110	vOTU_6430	6709
UHGV-0465997	vOTU_6455	5749
